{ "results": [
	{
        "appIdentifier": "com.aumum.app.mobile",
        "appName": "澳妈圈",
        "appVersion": "1.0",
        "createdAt": "2014-11-19T00:31:54.448Z",
        "deviceToken": "APA91bGBn3ZhDATFRqMBbrwii2QvtDKF57uqoC9KBuQEen-q2y53-ogCZBE5fg_ijrwP-LDLQ7JKZqwJSAZkzBnXvGQjGCe6RE4l1hk2QGqS7J5SYZW3xbBj5fLthVy7IiNDquH2_cIs8bXeUCHICRJERnqvRmGglRTColxxuHhA6bnAvozxeoA",
        "deviceTokenLastModified": 1416357107000,
        "deviceType": "android",
        "installationId": "cf857e30-8733-482b-8cc0-fe86d5a3ee5b",
        "objectId": "fCuArYi3ej",
        "parseVersion": "1.7.0",
        "pushType": "gcm",
        "timeZone": "Australia/Sydney",
        "updatedAt": "2014-11-19T00:31:57.283Z"
    },
	{
        "appIdentifier": "com.aumum.app.mobile",
        "appName": "澳妈圈",
        "appVersion": "1.0",
        "createdAt": "2014-11-19T01:14:44.401Z",
        "deviceToken": "APA91bG6l6Fc5zBgA7DxjwHnHeZqp2685uQpQ0Dmh35p8TTHYynZerP3CMJzxWNyPHsGqVBWnur3QwZa-aKyDHGDLv4E4fH0gnqVTJ6IDvMu0Qj0t6Bv8WK-JKpwI78NJzdDkWNnqutLu8cdz9_kGKIdxvWBHOBwjlSBgdG-sCnVsBvCP7GB6VY",
        "deviceTokenLastModified": 1416444739000,
        "deviceType": "android",
        "installationId": "4bd14fd1-c8fe-4457-81f6-172e5b64366d",
        "objectId": "BibsY9GaO8",
        "parseVersion": "1.7.0",
        "pushType": "gcm",
        "timeZone": "Australia/Sydney",
        "updatedAt": "2014-11-20T00:52:32.755Z"
    },
	{
        "appIdentifier": "com.aumum.app.mobile",
        "appName": "澳妈圈",
        "appVersion": "1.0",
        "createdAt": "2014-11-19T03:14:30.179Z",
        "deviceType": "android",
        "installationId": "13b72edd-5ca7-41fe-93c8-35449a9cc45e",
        "objectId": "j5VxFfi9gL",
        "parseVersion": "1.7.0",
        "timeZone": "America/New_York",
        "updatedAt": "2014-11-19T03:14:31.615Z"
    },
	{
        "appIdentifier": "com.aumum.app.mobile",
        "appName": "澳妈圈",
        "appVersion": "1.0",
        "createdAt": "2014-11-20T02:21:18.245Z",
        "deviceType": "android",
        "installationId": "0893ab32-3596-44d5-9705-4ea1c9dfa3ca",
        "objectId": "urNDIuCq39",
        "parseVersion": "1.7.0",
        "timeZone": "America/New_York",
        "updatedAt": "2014-11-20T02:21:18.383Z"
    },
	{
        "appIdentifier": "com.aumum.app.mobile",
        "appName": "澳妈圈",
        "appVersion": "1.0",
        "createdAt": "2014-11-21T05:51:42.254Z",
        "deviceToken": "APA91bEYMqXWWRQm9bixhNNQNmWe0W0EMxBiISjhQShudRyhdjIHicPvcdS-rz_DjA3Yf0VDNbz-AQ4DZWaTGsI0cMyP1nUrS15u4veBKuCEE4_au_Ij4RKIy8teVErWJJc7SJSIoI2trUku_zZiSF_nWdLaQxHmWV0lR6txs6UvzYZyXRje9C0",
        "deviceTokenLastModified": 1416544933000,
        "deviceType": "android",
        "installationId": "a58bef0a-8c89-4314-b912-8e4bf8f2850d",
        "objectId": "49bVHTRb6b",
        "parseVersion": "1.7.0",
        "pushType": "gcm",
        "timeZone": "Australia/Sydney",
        "updatedAt": "2014-11-21T05:51:43.084Z"
    },
	{
        "appIdentifier": "com.aumum.app.mobile",
        "appName": "澳妈圈",
        "appVersion": "1.0",
        "createdAt": "2014-11-21T05:55:21.290Z",
        "deviceType": "android",
        "installationId": "6e6f726c-4c1a-4886-8f12-3e7a3e7880d3",
        "objectId": "DIPJxMSHGu",
        "parseVersion": "1.7.0",
        "timeZone": "America/New_York",
        "updatedAt": "2014-11-21T05:55:21.290Z"
    },
	{
        "appIdentifier": "com.aumum.app.mobile",
        "appName": "澳妈圈",
        "appVersion": "1.0",
        "createdAt": "2014-11-21T15:28:53.967Z",
        "deviceToken": "APA91bHMZq3ozHOuCN0wo5ILZgSCFWCLzkeS7AXsjxrPULvuhs_Mo8LYtCHimm3E5scUavdinbc8YK09ULrIuoDJhTPlDJpytLqDBNput7BDMKmMdV4AfvO7rvQP2nRfpaiQoDcHiaXrRutq3mTPX5aysM3-brysj7dhmFPEcZvOE7EjyuYPewc",
        "deviceTokenLastModified": 1416583726000,
        "deviceType": "android",
        "installationId": "dea11f52-d9fe-470f-bbde-32e2e96c9a0a",
        "objectId": "o6dEg9vI8p",
        "parseVersion": "1.7.0",
        "pushType": "gcm",
        "timeZone": "Australia/Sydney",
        "updatedAt": "2014-11-21T15:29:00.494Z"
    },
	{
        "appIdentifier": "com.aumum.app.mobile",
        "appName": "澳妈圈",
        "appVersion": "1.0",
        "createdAt": "2014-11-21T15:33:40.909Z",
        "deviceToken": "APA91bEJwiUQkle6O_oZsTQevojxIUyAn-r4ATepCpYnv1drTwfTYFd2AB9AQXZ90g_CBlpCQ4kRU-_nxUML0-8MNOSTNLEcSzZRu_xjdAo6NNzO7rRptAT0k6CUmV_SQrhWivVaKjDa7pivte-jiXEDTRCVmWtvD6eZ8auvtCDTU4NDl6SeqAw",
        "deviceTokenLastModified": 1416584372000,
        "deviceType": "android",
        "installationId": "7bccb163-fa6a-4f36-a338-c9ce4fe76959",
        "objectId": "mcEVPekvzF",
        "parseVersion": "1.7.0",
        "pushType": "gcm",
        "timeZone": "Australia/Sydney",
        "updatedAt": "2014-11-21T15:39:46.888Z"
    },
	{
        "appIdentifier": "com.aumum.app.mobile",
        "appName": "澳妈圈",
        "appVersion": "1.0",
        "createdAt": "2014-11-21T15:35:19.063Z",
        "deviceType": "android",
        "installationId": "0c9aed07-fd18-4eef-8808-07bf8514648a",
        "objectId": "w559kFfIir",
        "parseVersion": "1.7.0",
        "timeZone": "America/New_York",
        "updatedAt": "2014-11-21T15:35:19.939Z"
    },
	{
        "appIdentifier": "com.aumum.app.mobile",
        "appName": "澳妈圈",
        "appVersion": "1.0",
        "createdAt": "2014-11-22T01:16:40.115Z",
        "deviceType": "android",
        "installationId": "3ae5b321-777d-44df-8ca3-f392e9367ef0",
        "objectId": "TGbXlMljZS",
        "parseVersion": "1.7.0",
        "timeZone": "America/New_York",
        "updatedAt": "2014-11-22T01:16:40.115Z"
    },
	{
        "appIdentifier": "com.aumum.app.mobile",
        "appName": "澳妈圈",
        "appVersion": "1.0",
        "createdAt": "2014-12-12T00:01:31.167Z",
        "deviceToken": "APA91bFTGITkg30q2wdXwdWx-0nyHwzAqXwq49ZgFaej7rkaeXGC6Unw2x-WxF_j4I7HUlj41wDhwmZB5W9fTK6Gd383KutAP0aU4jgWGJ4jvQu_zNflDlTMj1T0OYBwRZLSKwHl43b_9qu0Sawwo1EnnRR0RjwYRKNmlWgikkLlI952hskV5Q4",
        "deviceTokenLastModified": 1418702579000,
        "deviceType": "android",
        "installationId": "f98be2fd-7d56-4749-9650-cfc182df02fa",
        "objectId": "pdMthXQBSF",
        "parseVersion": "1.7.0",
        "pushType": "gcm",
        "timeZone": "Australia/Sydney",
        "updatedAt": "2014-12-16T04:03:14.075Z"
    },
	{
        "appIdentifier": "com.aumum.app.mobile",
        "appName": "澳妈圈",
        "appVersion": "1.0",
        "createdAt": "2014-12-16T15:36:55.270Z",
        "deviceToken": "APA91bGut03uokOOQM3CjU3wkAifcqm3XfCm_YFig_mlpFv_iuF7t8w4I7eFloTA7JLw400n5lTMQplJVi_PPpzyWZFfrgqkrurowcNksGlUUTbjqPSNg6atg1uXVTxlquIwrQ5g7ogk82k7mtg-mrhMOamkOg2tOUDAdCxeOx4W_dAB3o6ICkM",
        "deviceTokenLastModified": 1418904835000,
        "deviceType": "android",
        "installationId": "2cb27427-25ea-4805-b6f9-02674f98ae97",
        "objectId": "CYKiP9l2mD",
        "parseVersion": "1.7.0",
        "pushType": "gcm",
        "timeZone": "Australia/Sydney",
        "updatedAt": "2014-12-18T12:14:09.463Z"
    },
	{
        "appIdentifier": "com.aumum.app.mobile",
        "appName": "澳妈圈",
        "appVersion": "1.0",
        "createdAt": "2014-12-18T12:19:40.587Z",
        "deviceType": "android",
        "installationId": "6823e1ce-a1c5-4d1c-9ac9-f3bbc2767bf4",
        "objectId": "6qrh1NJyyG",
        "parseVersion": "1.7.0",
        "timeZone": "America/New_York",
        "updatedAt": "2014-12-18T12:19:40.587Z"
    },
	{
        "appIdentifier": "com.aumum.app.mobile",
        "appName": "澳妈圈",
        "appVersion": "1.0",
        "createdAt": "2014-12-18T12:33:45.087Z",
        "deviceType": "android",
        "installationId": "14cf01fa-ff7f-4734-bbb4-206dc8925bec",
        "objectId": "4UrbjsfesA",
        "parseVersion": "1.7.0",
        "timeZone": "America/New_York",
        "updatedAt": "2014-12-18T12:33:45.997Z"
    },
	{
        "appIdentifier": "com.aumum.app.mobile",
        "appName": "澳妈圈",
        "appVersion": "1.0",
        "createdAt": "2014-12-18T12:48:25.353Z",
        "deviceType": "android",
        "installationId": "8644c543-e906-4243-a15e-7a8ab3bcce06",
        "objectId": "GMns6jtm57",
        "parseVersion": "1.7.0",
        "timeZone": "America/New_York",
        "updatedAt": "2014-12-18T12:48:26.216Z"
    },
	{
        "appIdentifier": "com.aumum.app.mobile",
        "appName": "澳妈圈",
        "appVersion": "1.0",
        "createdAt": "2014-12-18T12:49:56.827Z",
        "deviceType": "android",
        "installationId": "e8f62f49-6a29-4ae7-b3dc-ac244c624117",
        "objectId": "Sg4unl1ovq",
        "parseVersion": "1.7.0",
        "timeZone": "America/New_York",
        "updatedAt": "2014-12-18T12:49:57.609Z"
    },
	{
        "appIdentifier": "com.aumum.app.mobile",
        "appName": "澳妈圈",
        "appVersion": "1.0",
        "createdAt": "2014-12-18T13:48:09.701Z",
        "deviceType": "android",
        "installationId": "0021f4b7-4133-4654-9341-37e3c4d868c3",
        "objectId": "3Ygv8iZBjK",
        "parseVersion": "1.7.0",
        "timeZone": "America/New_York",
        "updatedAt": "2014-12-18T13:48:10.022Z"
    },
	{
        "appIdentifier": "com.aumum.app.mobile",
        "appName": "澳妈圈",
        "appVersion": "1.0",
        "createdAt": "2014-12-18T14:05:36.920Z",
        "deviceType": "android",
        "installationId": "6bd6b292-37be-4210-8d4f-970947ff3c08",
        "objectId": "iTQDfXENJG",
        "parseVersion": "1.7.0",
        "timeZone": "America/New_York",
        "updatedAt": "2014-12-18T14:05:37.920Z"
    },
	{
        "appIdentifier": "com.aumum.app.mobile",
        "appName": "澳妈圈",
        "appVersion": "1.0",
        "createdAt": "2014-12-18T14:13:23.768Z",
        "deviceToken": "APA91bHFjp39kV9dPnpcvKwT1nvBFarKoHv9qA7WpptLJlelG1Aq6PqhfkY1hMcx9XVe3IEX78MGMPX93Q05dKoLSJlI6vODQERNtWjZlDm-HzCglG-JwEruC00GIUF33hV-FmcLGcbzbcUnmVD6CC6AQU6Wf9m3SrAuqUHWYEwGp8NusAKr5b0",
        "deviceTokenLastModified": 1418942696000,
        "deviceType": "android",
        "installationId": "bfc86076-0156-4d06-a34a-d8e591c4830c",
        "objectId": "jcNMKlR1vK",
        "parseVersion": "1.7.0",
        "pushType": "gcm",
        "timeZone": "Australia/Sydney",
        "updatedAt": "2014-12-18T22:45:12.101Z"
    },
	{
        "appIdentifier": "com.aumum.app.mobile",
        "appName": "澳妈圈",
        "appVersion": "1.0",
        "createdAt": "2014-12-18T23:32:22.179Z",
        "deviceType": "android",
        "installationId": "278740b7-6677-40c3-90f7-76175ab2ccfd",
        "objectId": "8MRwiyg6sS",
        "parseVersion": "1.7.0",
        "timeZone": "America/New_York",
        "updatedAt": "2014-12-18T23:32:22.899Z"
    },
	{
        "appIdentifier": "com.aumum.app.mobile",
        "appName": "澳妈圈",
        "appVersion": "1.0",
        "createdAt": "2014-12-19T14:51:18.400Z",
        "deviceToken": "APA91bGPB-I58TVvpnMz0P9lBg_EOUG8vkpAVQa9dLUzX21P9T2ZdzMixtMfFWMo0JUe0rSMkYMYaHLlRJWAyY8UKKvcP3k7yS4PTetEU0VKnd3Ur7OcBAbFO6iifKlG5AT5eF7H2wKdXl2Ik15_z42k9HOCYqaT1_7xkhgZ6h9eYFY_0Kl1pro",
        "deviceTokenLastModified": 1419000668000,
        "deviceType": "android",
        "installationId": "68f20e7e-c326-4ca6-a6e6-c80cbc6c1546",
        "objectId": "rJHsDepURP",
        "parseVersion": "1.7.0",
        "pushType": "gcm",
        "timeZone": "Australia/Sydney",
        "updatedAt": "2014-12-19T14:51:22.097Z"
    },
	{
        "appIdentifier": "com.aumum.app.mobile",
        "appName": "澳妈圈",
        "appVersion": "1.0",
        "createdAt": "2014-12-19T14:51:58.036Z",
        "deviceToken": "APA91bH3EZdDWcxNjxf4vYpUV8ygQmidn2J3PrMg-eSjD1vkjQHXc0MFbh5uSWwaDJ1nu1q7_hsohENKRD2gw9nwKe-agpiPFj95n4-krNWJKlGsIjkzNSKRMZ7s2kvHncB2iCl7ER9N-iQv2NoqXfSiiKCzrKb9zRhCBhT1TB-n5IsE9AuOfuw",
        "deviceTokenLastModified": 1419000709000,
        "deviceType": "android",
        "installationId": "f72d0add-4a11-47a4-8268-2b9a1174f6ee",
        "objectId": "SOr2lDmnpA",
        "parseVersion": "1.7.0",
        "pushType": "gcm",
        "timeZone": "Australia/Sydney",
        "updatedAt": "2014-12-19T14:52:01.293Z"
    },
	{
        "appIdentifier": "com.aumum.app.mobile",
        "appName": "澳妈圈",
        "appVersion": "1.0",
        "createdAt": "2014-12-19T14:57:11.250Z",
        "deviceToken": "APA91bHTP60HQxPk5LnkCex1dI2qPkf6um2oFlttKzAOMogHR7jew08WD4lhSpBBA2QKnjlhg_zjym5lgnrXgeyUee0Vq4DpNp40lo08jh6-Ra9NlixTaThSS4BJ44VhfWXPcv79NRrFZ1KplKsDLvNlu7XbYHL4MNUAnPAc3rvUkTfiSHt2r6k",
        "deviceTokenLastModified": 1419169125000,
        "deviceType": "android",
        "installationId": "8a341ece-1049-45b2-af2d-38338cc32263",
        "objectId": "oUo0cVryyB",
        "parseVersion": "1.7.0",
        "pushType": "gcm",
        "timeZone": "Australia/Sydney",
        "updatedAt": "2014-12-21T13:39:02.572Z"
    },
	{
        "appIdentifier": "com.aumum.app.mobile",
        "appName": "澳妈圈",
        "appVersion": "1.0",
        "createdAt": "2014-12-21T14:08:52.546Z",
        "deviceToken": "APA91bFlxgBjyhxzRhe4-wQpVdr20mGCtvj3adnF8G8jkAl1-nvqOaRB6hJkgAVUixpd6qzKQ7Vfc8q_jCuY-NVtsifitR5SexISRRq8sHvypJdfcXiC7MEXLvfbADcGhu5toT_jW_4B12aU8EBfcZOULC9vtooFwgB-qzcgoP0cnFNYuogNpn4",
        "deviceTokenLastModified": 1419173929000,
        "deviceType": "android",
        "installationId": "99527f64-1363-417e-b8af-ce279f612e89",
        "objectId": "iXmXjkZLEK",
        "parseVersion": "1.7.0",
        "pushType": "gcm",
        "timeZone": "Australia/Sydney",
        "updatedAt": "2014-12-21T14:59:02.699Z"
    },
	{
        "appIdentifier": "com.aumum.app.mobile",
        "appName": "澳妈圈",
        "appVersion": "1.0",
        "createdAt": "2014-12-21T15:03:51.131Z",
        "deviceToken": "APA91bFxYy6cSpT2mD9_5FkbVTVO7NKqkEcDr8y96QbjDjBv2K9ASQulgi3eMoXWqWxMO3b9J2jEJW4TcUc8gBpxuR5RfCZk3-cEtrBO0GplJXaM-eMTE9InD3aISK9UKaRSJjxUxOrskNG-bf3VV2EcOz93tyfcu-4YXjFYZhx_7vmuTuTizoM",
        "deviceTokenLastModified": 1419174223000,
        "deviceType": "android",
        "installationId": "b0f8f4fc-f7c9-4b4e-9e5b-2046abf2480d",
        "objectId": "nRyRuC9Jjp",
        "parseVersion": "1.7.0",
        "pushType": "gcm",
        "timeZone": "Australia/Sydney",
        "updatedAt": "2014-12-21T15:03:53.489Z"
    },
	{
        "appIdentifier": "com.aumum.app.mobile",
        "appName": "澳妈圈",
        "appVersion": "1.0",
        "createdAt": "2014-12-21T22:45:18.183Z",
        "deviceToken": "APA91bH3HSgI2N2yInF02F9kESHz6guekUAr4HCa1YcuUZYUL_7lc0QDqMXI0tr6C2701BMPJ92dS5Sarfj6U0ctf2_tW7T6p9_XY-QTKF0_AMg97vy8JqbXaTbucMW_BuUy-C7rwtfjvJywFiepXimMjGolwHmjyHKbnpc0a9CN8vQQMxmlnpk",
        "deviceTokenLastModified": 1419301592000,
        "deviceType": "android",
        "installationId": "a17e41e7-280f-46fb-9901-9d0a3512aa56",
        "objectId": "vY7Kvv7JwT",
        "parseVersion": "1.7.0",
        "pushType": "gcm",
        "timeZone": "Australia/Sydney",
        "updatedAt": "2014-12-23T02:26:48.165Z"
    },
	{
        "appIdentifier": "com.aumum.app.mobile",
        "appName": "澳妈圈",
        "appVersion": "1.0",
        "createdAt": "2014-12-22T14:00:46.798Z",
        "deviceType": "android",
        "installationId": "edf22b81-1f5d-4541-8f94-fff359f4a64c",
        "objectId": "DtiMPjWCRk",
        "parseVersion": "1.7.0",
        "timeZone": "America/New_York",
        "updatedAt": "2014-12-22T14:00:47.782Z"
    },
	{
        "appIdentifier": "com.aumum.app.mobile",
        "appName": "澳妈圈",
        "appVersion": "1.0",
        "createdAt": "2014-12-22T14:29:10.912Z",
        "deviceType": "android",
        "installationId": "3a98031f-b7c4-4d1f-9417-90db295c1d18",
        "objectId": "DoizQ0JEro",
        "parseVersion": "1.7.0",
        "timeZone": "America/New_York",
        "updatedAt": "2014-12-22T14:29:11.642Z"
    },
	{
        "appIdentifier": "com.aumum.app.mobile",
        "appName": "澳妈圈",
        "appVersion": "1.0",
        "createdAt": "2014-12-23T03:57:13.257Z",
        "deviceToken": "APA91bF2zEdftEpq5hdBSu7BNzSqsBormQ6A_3KxaOC7h7-9QDtxYotyBLeJ1CgrK5qS_q7U2W55QXOYEdRbCzbbYiEpVpy9DrUdh_RfW7i2O4DYvYnS8otEUGXtTPORV_lttg3sBxtNxgXHVxH92ybWe2FRnl98Pr6sTHnEtNLqQx3YIqxNw7g",
        "deviceTokenLastModified": 1419426894000,
        "deviceType": "android",
        "installationId": "5148e0e6-8af6-4775-9fbf-d4ceaa08cc25",
        "objectId": "bJISOCzCk6",
        "parseVersion": "1.7.0",
        "pushType": "gcm",
        "timeZone": "Australia/Sydney",
        "updatedAt": "2014-12-24T13:15:11.345Z"
    },
	{
        "appIdentifier": "com.aumum.app.mobile",
        "appName": "澳妈圈",
        "appVersion": "1.0",
        "createdAt": "2014-12-24T08:45:06.843Z",
        "deviceType": "android",
        "installationId": "54ae2d25-6c6e-4f6a-b9de-131268caf858",
        "objectId": "GXK8T5Fapo",
        "parseVersion": "1.7.0",
        "timeZone": "America/New_York",
        "updatedAt": "2014-12-24T08:45:07.548Z"
    },
	{
        "appIdentifier": "com.aumum.app.mobile",
        "appName": "澳妈圈",
        "appVersion": "1.0",
        "createdAt": "2014-12-24T13:15:43.298Z",
        "deviceToken": "APA91bEbQ8w4IhsqgIEsnoUTlkWzx25RErNjP_eGTzeXOQy_VhvSTFzQdqBAbdZdkLYkIljx_yh0FY3d_TLOd8NXGy8kLDl0RRsJUs1ekF-xFcA7KfsKNZFkZO2R9wMPH2PyuGIjWu3f3ntu4yAyit8mxFouvHiVJm6HcUGqGhotNhc7g8PnEuE",
        "deviceTokenLastModified": 1419468618000,
        "deviceType": "android",
        "installationId": "94efdff7-ea29-4328-92e4-894ad6869409",
        "objectId": "A8fpeuyxZC",
        "parseVersion": "1.7.0",
        "pushType": "gcm",
        "timeZone": "Australia/Sydney",
        "updatedAt": "2014-12-25T00:50:31.902Z"
    },
	{
        "appIdentifier": "com.aumum.app.mobile",
        "appName": "澳妈圈",
        "appVersion": "1.0",
        "createdAt": "2014-12-25T06:25:38.983Z",
        "deviceToken": "APA91bFBvzo7myhTPZ6JONeE8gzhLjJ1EVwizifZrKSHMMSpWPpmnQVoZuHVXbgMzPdBIUVCi245Cu-riZ_ueg8tmY4iB8W-QpWlgpMKZiLZjLHyZhQPLdu2C3t0GBY6P8DsZ_n6lisE-bXMyp0P3CM0J9JX7bE69nLLRh470oG44GOblEKgfCo",
        "deviceTokenLastModified": 1419749362000,
        "deviceType": "android",
        "installationId": "1bd29f6e-2b7d-40d7-89cf-ba4e00a18c75",
        "objectId": "wcbnerDSHM",
        "parseVersion": "1.7.0",
        "pushType": "gcm",
        "timeZone": "Australia/Sydney",
        "updatedAt": "2014-12-28T06:49:39.553Z"
    },
	{
        "appIdentifier": "com.aumum.app.mobile",
        "appName": "澳妈圈",
        "appVersion": "1.0",
        "createdAt": "2014-12-25T14:03:34.001Z",
        "deviceType": "android",
        "installationId": "ff3d3cdf-cdc2-4e21-9a0a-63d4cd139635",
        "objectId": "W1PAOZz1gw",
        "parseVersion": "1.7.0",
        "timeZone": "America/New_York",
        "updatedAt": "2014-12-25T14:04:45.345Z"
    },
	{
        "appIdentifier": "com.aumum.app.mobile",
        "appName": "澳妈圈",
        "appVersion": "1.0",
        "createdAt": "2014-12-26T11:58:16.634Z",
        "deviceType": "android",
        "installationId": "213243d1-87ae-422f-ac95-fcace9808c87",
        "objectId": "lwrACbHFU8",
        "parseVersion": "1.7.0",
        "timeZone": "America/New_York",
        "updatedAt": "2014-12-26T11:58:17.384Z"
    },
	{
        "appIdentifier": "com.aumum.app.mobile",
        "appName": "澳妈圈",
        "appVersion": "1.0",
        "createdAt": "2014-12-28T07:29:46.126Z",
        "deviceToken": "APA91bFaJjQV-HbtF-q2rDf5h-pJ1RDHOIHw89It1R1v3J5k9aNLnAW-bcFcYJdqgJYjNgjTJAiqJ-QGebA6OouQo4jSypGhdtnrcAdunozUetNbwNuA2O4RJSfzAtNTvJH_lmHzHvF-5FrAkRmAfWm49APPav_DdsMQZ7gRsw_brXj5K4vXgNo",
        "deviceTokenLastModified": 1420062082000,
        "deviceType": "android",
        "installationId": "6281446c-2efb-4ab5-99b4-26e096f55abf",
        "objectId": "KcXHJdmpTy",
        "parseVersion": "1.7.0",
        "pushType": "gcm",
        "timeZone": "Australia/Sydney",
        "updatedAt": "2014-12-31T21:41:38.187Z"
    },
	{
        "appIdentifier": "com.aumum.app.mobile",
        "appName": "澳妈圈",
        "appVersion": "1.0",
        "createdAt": "2015-01-01T00:10:27.754Z",
        "deviceType": "android",
        "installationId": "7a56647a-20a6-4532-b4d1-9ffa9bee4589",
        "objectId": "JIY1COKbMn",
        "parseVersion": "1.7.0",
        "timeZone": "America/New_York",
        "updatedAt": "2015-01-01T00:10:28.163Z"
    },
	{
        "appIdentifier": "com.aumum.app.mobile",
        "appName": "澳妈圈",
        "appVersion": "1.0",
        "createdAt": "2015-01-01T06:27:55.013Z",
        "deviceToken": "APA91bHBZXz2abViCk1bQYl5rCVDxJd00iO0tsdcOAGCtrBCQTyejvGyb_qphZCn96zxYD7IuToy-lFID5wwJF4p8HPT9jmlTx0OouCmhXKgrtwPB3AbGVl9m3c7Ov1PWws6dCX2VEllTZUEOIdS3EiG8_gzFEa84gSUkFfRWmsRxgn19dGW7BU",
        "deviceTokenLastModified": 1420156638000,
        "deviceType": "android",
        "installationId": "e0af56bd-dbe5-49c5-8dce-52c67aa28633",
        "objectId": "NvVTQ1brFa",
        "parseVersion": "1.7.0",
        "pushType": "gcm",
        "timeZone": "Australia/Sydney",
        "updatedAt": "2015-01-01T23:57:32.319Z"
    },
	{
        "appIdentifier": "com.aumum.app.mobile",
        "appName": "澳妈圈",
        "appVersion": "1.0",
        "createdAt": "2015-01-02T01:12:04.619Z",
        "deviceToken": "APA91bFpE7BF_vaS4W9hdpPXs9BKlDZvHz4YlzSRUq0BZINNdn86EDip-3txdpfksv-OB3dz4RIkLj_GFJ78B3E6AGTZhEqZXWOHNy-iTQ5Ip5Ooe3-E_YlqrWfQvfP0tlWYkDiaaSaeV0IOWxfGCNTICukpTNo9nT7vusc7rheX6PfSGAXfhw4",
        "deviceTokenLastModified": 1420256379000,
        "deviceType": "android",
        "installationId": "8065cbb1-1988-4899-a438-2143cefc2b20",
        "objectId": "PvYWz32Yzr",
        "parseVersion": "1.7.0",
        "pushType": "gcm",
        "timeZone": "Australia/Sydney",
        "updatedAt": "2015-01-03T03:39:52.976Z"
    },
	{
        "appIdentifier": "com.aumum.app.mobile",
        "appName": "澳妈圈",
        "appVersion": "1.0",
        "createdAt": "2015-01-03T05:47:43.433Z",
        "deviceToken": "APA91bHzRK9tKKmy0Xran1r2-e1Q_sXDzrMNGo9mOTh0F9Xd8PwDEKvtbMwDJbG-dEp0xyN-MYiPh20-PwFC0KsIOFGe1xd9qHciLvVSDeVzmklDasCwvdz8Zney3FkUx3DL8xMmxStA6VhG5pbVAv6cpQlGLIbw2eKCeK7_YZm6gPULKRW_Bi4",
        "deviceTokenLastModified": 1420278674000,
        "deviceType": "android",
        "installationId": "862ef615-18f9-451b-9621-c266dd3ed994",
        "objectId": "bEbl7kwQD1",
        "parseVersion": "1.7.0",
        "pushType": "gcm",
        "timeZone": "Australia/Sydney",
        "updatedAt": "2015-01-03T09:51:29.141Z"
    },
	{
        "appIdentifier": "com.aumum.app.mobile",
        "appName": "澳妈圈",
        "appVersion": "1.0",
        "createdAt": "2015-01-03T09:52:40.724Z",
        "deviceType": "android",
        "installationId": "efe87af1-1818-4477-a622-3220fadda8af",
        "objectId": "p7ziAjqEkU",
        "parseVersion": "1.7.0",
        "timeZone": "America/New_York",
        "updatedAt": "2015-01-03T09:52:41.201Z"
    },
	{
        "appIdentifier": "com.aumum.app.mobile",
        "appName": "澳妈圈",
        "appVersion": "1.0",
        "createdAt": "2015-01-03T10:35:23.634Z",
        "deviceToken": "APA91bEIRBMoCS5_cm09jlgzfxaEKqKLuBhzEgS09Dpmehp8CpARyaYkutsPr5YRRpu_dCISrtWDgoynZyOuGZollwaB6bN1aYU14dbY5QhmR4ayoobmKnxAzNRhwST-CCXsOG1ijVTEXB2HnA-doZd-XpvYArqN6K2M-7V6arkFmcDom-jJ90A",
        "deviceTokenLastModified": 1420438576000,
        "deviceType": "android",
        "installationId": "60d7dc1b-67a7-43b7-9ac3-be09829adaff",
        "objectId": "3gpWlQUsGE",
        "parseVersion": "1.7.0",
        "pushType": "gcm",
        "timeZone": "Australia/Sydney",
        "updatedAt": "2015-01-05T06:16:30.562Z"
    },
	{
        "appIdentifier": "com.aumum.app.mobile",
        "appName": "澳妈圈",
        "appVersion": "1.0",
        "createdAt": "2015-01-05T12:22:05.399Z",
        "deviceToken": "APA91bEZuaW0XSSMKWgN7IH4XM4alxoE7tsc50Zr-l1rVdaB0_KH5eKfpuRyGC9moVEWOagFXx4SfrHEmJan5FuJYyD6o1oygQAuogmskw_epNswu8YE9KL4fWDGdJGWWk9epXC0bm7fLRjG0j8MRRHwaAm7FMrgU5Dpjpz5hoQu0E0GLBoSwt8",
        "deviceTokenLastModified": 1420469963000,
        "deviceType": "android",
        "installationId": "778cbb38-ac52-4530-a5d7-356d6c405c8d",
        "objectId": "MCOIF0IenK",
        "parseVersion": "1.7.0",
        "pushType": "gcm",
        "timeZone": "Australia/Sydney",
        "updatedAt": "2015-01-05T14:59:39.261Z"
    },
	{
        "appIdentifier": "com.aumum.app.mobile",
        "appName": "澳妈圈",
        "appVersion": "1.0",
        "createdAt": "2015-01-05T15:18:05.424Z",
        "deviceToken": "APA91bH19QhQaHtxS2ba8sJ2g_WRaCGphKBIgezNF5x_MDghTIEk3aeWroKcyvmLMI7Saz7pHKVuDZeKM3aYd-64_7qPmfQlqn0cmk93VsN8hY798fMXp58GSblt3lLWl4hyVB3yQ31NJmq8j8RoA0BBVKdq-vl04t7NZlMKpq5GdlSVY7ZdFLI",
        "deviceTokenLastModified": 1420782510000,
        "deviceType": "android",
        "installationId": "449c69fc-fc1a-4f49-9724-ff40cc66bd45",
        "objectId": "ZV1wPcInbW",
        "parseVersion": "1.7.0",
        "pushType": "gcm",
        "timeZone": "Australia/Sydney",
        "updatedAt": "2015-01-09T05:48:44.775Z"
    },
	{
        "appIdentifier": "com.aumum.app.mobile",
        "appName": "澳妈圈",
        "appVersion": "1.0",
        "createdAt": "2015-01-06T13:21:27.027Z",
        "deviceType": "android",
        "installationId": "df31d282-f8a0-41ed-bca4-fe6af34655e3",
        "objectId": "LxqGkWP4mk",
        "parseVersion": "1.7.0",
        "timeZone": "America/New_York",
        "updatedAt": "2015-01-06T13:21:27.366Z"
    },
	{
        "appIdentifier": "com.aumum.app.mobile",
        "appName": "澳妈圈",
        "appVersion": "1.0",
        "createdAt": "2015-01-10T10:17:28.023Z",
        "deviceToken": "APA91bEXZ66wVtdPE-9nReEU9mMykE6zjYRiguVpjwJxCOUbJEPsGeM-imlWK7zoafzJdRZQAwKxiy5GF1294rpspkA6EQUkOgQ_W2AvTPWyHXSNagba8rHLJHne1T86psoL3ZTRE6UvfcKYJXIK5qybfOG0CWt8186wZuyA1WjiHSaL-bGL4bc",
        "deviceTokenLastModified": 1420885247000,
        "deviceType": "android",
        "installationId": "4bb11071-9d35-4008-8d27-124e649cb5da",
        "objectId": "aRWiM3NM69",
        "parseVersion": "1.7.0",
        "pushType": "gcm",
        "timeZone": "Australia/Sydney",
        "updatedAt": "2015-01-10T10:20:59.938Z"
    },
	{
        "appIdentifier": "com.aumum.app.mobile",
        "appName": "澳妈圈",
        "appVersion": "1.0",
        "createdAt": "2015-01-10T10:23:39.784Z",
        "deviceToken": "APA91bFYkEyqIST2mK4rxVHiP3KVLsMd7wZMgJY9Iop1Giwm7O9tyzp8X1jbHxNWJYKl8bv90UPq_OVXQnxMcY6eWV170MaBxYd1umVCB6lJ5-lj5B_Gq7jpP_wMFQTVP5dhBFx6vOWJx7bCsnz9onvuEmYYlhiurX8TDZIsQhJ8X8ppT4P4-TE",
        "deviceTokenLastModified": 1421028007000,
        "deviceType": "android",
        "installationId": "bbbdf941-8c64-49a5-9d7c-6b4fdf7fe3b9",
        "objectId": "jRhThibkRN",
        "parseVersion": "1.7.0",
        "pushType": "gcm",
        "timeZone": "Australia/Sydney",
        "updatedAt": "2015-01-12T02:00:22.389Z"
    }
] }