{ "results": [
	{
        "area": "Hurstville ",
        "askings": [
            "g8Bt3icMTh"
        ],
        "avatarUrl": "http://aumum.b0.upaiyun.com/k2itaQUwNt/1223301099.jpg",
        "bcryptPassword": "$2a$10$ccNZot9sY8TqtgNmbFAUm.2EqpFkr92vFZsGR9Z1mGNBKTrUUdJ7.",
        "chatId": "k2itaquwnt",
        "city": "悉尼",
        "contacts": [
            "iijfISd3Oi",
            "t9x7Ff3Ddn"
        ],
        "createdAt": "2015-01-14T23:49:45.879Z",
        "objectId": "k2itaQUwNt",
        "screenName": "豆包一枚",
        "sessionToken": "kvV9GwX1wjOODttDz6oETJLqI",
        "updatedAt": "2015-01-18T11:27:38.785Z",
        "username": "+61451271039"
    },
	{
        "about": "人生天地之间，若白驹过隙，忽然而已。",
        "area": "Hurstville ",
        "askings": [
            "mmHi3vz3gt",
            "2ql1nqfkRy",
            "NLX5ep9wHq",
            "TbiX3jcU6Z",
            "2LZncyKarD",
            "PWtWGkT8ed",
            "r9KCVyOTK2",
            "j6kW0fRwPA",
            "OD3EPk60Lt",
            "inEm4Le8mp",
            "evPQwzu88g",
            "LFj1CS9VxO",
            "iaKdL0H0UO",
            "cCfFREdxtW",
            "PX4RQuVQ4k",
            "Cf0a1MwrKW",
            "vd3BhVOxLD",
            "BzTmYlGcIP",
            "JrYUD3Wc64",
            "AhhtFAAHJ7",
            "XxngaCpSPM",
            "cWM7jMbm6b"
        ],
        "avatarUrl": "http://aumum.b0.upaiyun.com/AONJQ1m44K/1112351203.jpg",
        "bcryptPassword": "$2a$10$HEzgOTUIQM6nWmZ8j831POi5IfsQC8cKmlz9tVoXFM2jT0tGwaaAy",
        "chatId": "aonjq1m44k",
        "city": "悉尼",
        "contacts": [
            "EkEjJ5uWLf",
            "jkoqY3V4vo",
            "MMKaHPQ7z8",
            "f9mNr2IlTi",
            "zsDwYkta3M",
            "iijfISd3Oi",
            "8Ra2XTafDP",
            "AoapKYqjpd"
        ],
        "createdAt": "2014-09-26T13:10:00.204Z",
        "email": "isimpsondu@gmail.com",
        "emailVerified": true,
        "favAskings": [
            "inEm4Le8mp",
            "2LZncyKarD"
        ],
        "favParties": [
            "fpbWbV1le5"
        ],
        "objectId": "AONJQ1m44K",
        "parties": [
            "nhWk63Oxas",
            "kZYw9iq54M",
            "JTECl8rxDB",
            "F6SKy2734l",
            "sYobuIuGXm",
            "0OTcwGZphT",
            "qmykdls8Kw",
            "QdHB8RRqR4",
            "BJvuD52BzS",
            "4BXjxdQ1MY",
            "iRGgXDHG2f",
            "2uvo6fIU0w",
            "tJ3q443uqt",
            "BiQ7GZsf2g",
            "dmwjCiq0Uz",
            "Ywof9iiksY",
            "J9Z9Oj1Di3",
            "rrOMUx3j4L",
            "dr7wEzz2lX",
            "NBrvtdW2Re",
            "VhxSUABtzN",
            "fpbWbV1le5",
            "EGHeUJvAau",
            "1tTWBd1vVN",
            "7DCkNYOjq4",
            "oL8VMO2e0J",
            "ZCkaLso0Et",
            "kzj0qmH19X",
            "NO17vURcDj",
            "0TsC966PKf"
        ],
        "screenName": "我爱天蓝",
        "sessionToken": "b2c7gus9OS8OtgduQ3J5esOj9",
        "updatedAt": "2015-01-18T10:22:48.838Z",
        "username": "+61451271025"
    },
	{
        "about": "月夜冰狼",
        "area": "Hurstville ",
        "avatarUrl": "http://aumum.b0.upaiyun.com/MMKaHPQ7z8/1997239351.jpg",
        "bcryptPassword": "$2a$10$EpdhibJHAJgjPyzBDzbqR.18N77sHjfZVja6ImD1VHCbWieAjMAXy",
        "chatId": "mmkahpq7z8",
        "city": "悉尼",
        "contacts": [
            "f9mNr2IlTi",
            "iijfISd3Oi",
            "zsDwYkta3M",
            "AONJQ1m44K",
            "jkoqY3V4vo",
            "EkEjJ5uWLf",
            "8Ra2XTafDP",
            "5VHLRi7uQJ",
            "AoapKYqjpd"
        ],
        "createdAt": "2014-12-18T11:19:27.437Z",
        "email": "simpson.du@vivatags.com",
        "objectId": "MMKaHPQ7z8",
        "parties": [
            "48qyUSZlrB",
            "kzj0qmH19X",
            "zSUObqEKBO",
            "0TsC966PKf"
        ],
        "screenName": "Lisa Chen",
        "sessionToken": "bbWbH8bVs5a4FnlzsXFG1tmOR",
        "updatedAt": "2015-01-18T10:01:41.627Z",
        "username": "+61451271027"
    },
	{
        "about": "花哥就是我！",
        "area": "Hurstville ",
        "avatarUrl": "http://aumum.b0.upaiyun.com/6fSPpD7B7w/1764329956.jpg",
        "bcryptPassword": "$2a$10$sYUf83PBo2c6/bLFmufDfegJM9jpsuvQ3fJuYgQXoU1usLbNjLwv6",
        "chatId": "6fsppd7b7w",
        "city": "悉尼",
        "contacts": [
            "iijfISd3Oi",
            "8Ra2XTafDP",
            "AoapKYqjpd",
            "rCvq0xXNpP",
            "f9mNr2IlTi"
        ],
        "createdAt": "2014-12-21T10:34:51.781Z",
        "email": "duzhixin@gmail.com",
        "objectId": "6fSPpD7B7w",
        "parties": [
            "kzj0qmH19X",
            "ymlWdLGR53",
            "NO17vURcDj"
        ],
        "screenName": "绿绿",
        "sessionToken": "Davo84s7zy3mDBDO7DdYjrWVv",
        "updatedAt": "2015-01-18T10:16:16.103Z",
        "username": "+61451271029"
    },
	{
        "about": "我是金正恩！",
        "area": "Hurstville ",
        "avatarUrl": "http://aumum.b0.upaiyun.com/8Ra2XTafDP/1856580145.jpg",
        "bcryptPassword": "$2a$10$OIDiW6/klepz8C.79mh8/.FuW9ugAcFVWad3Rocrc6A7F9yznfKzK",
        "chatId": "8ra2xtafdp",
        "city": "悉尼",
        "contacts": [
            "MMKaHPQ7z8",
            "rCvq0xXNpP",
            "AONJQ1m44K",
            "zsDwYkta3M",
            "6fSPpD7B7w",
            "f9mNr2IlTi"
        ],
        "createdAt": "2014-12-21T10:47:02.495Z",
        "email": "jinzhengen@aumum.com",
        "favParties": [
            "KDI2VgyFoT"
        ],
        "objectId": "8Ra2XTafDP",
        "parties": [
            "9p4UCbt13g",
            "rC5PeEyzu4",
            "gYhUJi9UxH",
            "kzj0qmH19X",
            "zSUObqEKBO",
            "0TsC966PKf",
            "KDI2VgyFoT"
        ],
        "screenName": "莉莉当妈",
        "sessionToken": "dDBuq0JY6ZQvyukydF4cGBhzL",
        "updatedAt": "2015-01-18T10:09:37.177Z",
        "username": "+61451271030"
    },
	{
        "about": "无数人事的变化孕育在时间的胚胎里",
        "area": "Hurstville ",
        "avatarUrl": "http://aumum.b0.upaiyun.com/jkoqY3V4vo/707201832.jpg",
        "bcryptPassword": "$2a$10$7AYClDy10vQVQU7cNg7yJegLnjy5aT/Xw0d//M0Bjnv6fI5lRIhoi",
        "chatId": "jkoqy3v4vo",
        "city": "悉尼",
        "contacts": [
            "EkEjJ5uWLf",
            "AONJQ1m44K",
            "f9mNr2IlTi",
            "zsDwYkta3M",
            "iijfISd3Oi",
            "MMKaHPQ7z8",
            "5VHLRi7uQJ",
            "AoapKYqjpd"
        ],
        "createdAt": "2014-10-26T11:33:48.263Z",
        "email": "dooneybest1031@hotmail.com",
        "emailVerified": true,
        "favAskings": [],
        "favParties": [
            "vM467DRtEO"
        ],
        "objectId": "jkoqY3V4vo",
        "parties": [
            "EGHeUJvAau",
            "kzj0qmH19X",
            "zSUObqEKBO",
            "NO17vURcDj",
            "0TsC966PKf"
        ],
        "screenName": "我叫Amy",
        "sessionToken": "BK5RlDiSahwQPfOUKiklhMEhY",
        "updatedAt": "2015-01-18T10:07:34.542Z",
        "username": "+61451271024"
    },
	{
        "about": "VivaTags联合创始人, CTO",
        "area": "Hurstville ",
        "askings": [
            "RS0UIdmGHD",
            "GKHdKaptn3",
            "MiqSHQaVUd",
            "lylhrftJnY",
            "7njLccQHG5",
            "DlFZpxhXpL",
            "hN44ortG5H",
            "mrtGkV5VY3",
            "FIGOZxA4yP",
            "MIoTzAQcdz",
            "GwsmqzBQ9g",
            "Eju2bcqC8e",
            "RZFM9TGOBP",
            "u1KtuO4pgX",
            "wz46K2jkKd",
            "VBLGAvdgGt",
            "7gJCkdIlti",
            "v6HQqS2naE",
            "4zZKq5EM7h"
        ],
        "avatarUrl": "http://aumum.b0.upaiyun.com/EkEjJ5uWLf/1888774845.jpg",
        "bcryptPassword": "$2a$10$d1TtJN3n4IGOyKRnRMQJfer5oyga5tvEKDR91IQ0hcMWoT2ukOFCy",
        "chatId": "ekejj5uwlf",
        "city": "悉尼",
        "contacts": [
            "AONJQ1m44K",
            "jkoqY3V4vo",
            "zsDwYkta3M",
            "f9mNr2IlTi",
            "MMKaHPQ7z8",
            "iijfISd3Oi"
        ],
        "createdAt": "2014-09-23T11:50:12.667Z",
        "email": "ydu2012@gmail.com",
        "emailVerified": true,
        "favAskings": [
            "inEm4Le8mp"
        ],
        "favParties": [
            "fpbWbV1le5",
            "VhxSUABtzN",
            "ohXHsqQnRR",
            "KDI2VgyFoT",
            "Cc6OQjgJVd",
            "Ne9b9jxqqN"
        ],
        "objectId": "EkEjJ5uWLf",
        "parties": [
            "XbkAFuQgj2",
            "YAMj0QHmox",
            "F6SKy2734l",
            "xIA505s36O",
            "QdHB8RRqR4",
            "BJvuD52BzS",
            "qmykdls8Kw",
            "4BXjxdQ1MY",
            "z5xUHLYXb8",
            "95Y1wTk1eC",
            "rN0DDYgO0o",
            "KAhp1r71i8",
            "499nbMXyEQ",
            "J9Z9Oj1Di3",
            "Yl7U83SQkt",
            "v93ObfybtS",
            "PlK3v6XoAR",
            "rrOMUx3j4L",
            "dr7wEzz2lX",
            "fpbWbV1le5",
            "EGHeUJvAau",
            "9p4UCbt13g",
            "vM467DRtEO",
            "kzj0qmH19X",
            "ujlwMPHeth",
            "ymlWdLGR53",
            "zSUObqEKBO",
            "Od9ZLlcLy4",
            "NJlnGrc3dx",
            "xNGAguJRlJ",
            "frE4e6Gpq8",
            "NO17vURcDj",
            "KDI2VgyFoT",
            "ohXHsqQnRR"
        ],
        "screenName": "二宝辣妈",
        "sessionToken": "VbXWmC9vJHpjp87zFegKiQ5na",
        "updatedAt": "2015-01-18T10:28:56.813Z",
        "username": "+61451271026"
    },
	{
        "about": "舞蹈家！",
        "area": "Hurstville ",
        "avatarUrl": "http://aumum.b0.upaiyun.com/MMKaHPQ7z8/1154131310.jpg",
        "bcryptPassword": "$2a$10$2KkvN1ekXk7LdaqBUEp3UOIavioV1YBiQr63rS0pm0TTXH8l23fbK",
        "chatId": "rcvq0xxnpp",
        "city": "悉尼",
        "contacts": [
            "8Ra2XTafDP",
            "6fSPpD7B7w",
            "AoapKYqjpd",
            "5VHLRi7uQJ"
        ],
        "createdAt": "2014-12-21T10:28:11.253Z",
        "email": "zhouquanxiang@gmail.com",
        "favAskings": [
            "OD3EPk60Lt"
        ],
        "favParties": [
            "KDI2VgyFoT"
        ],
        "objectId": "rCvq0xXNpP",
        "parties": [
            "BhFaxhP8Gq",
            "ymlWdLGR53",
            "kzj0qmH19X",
            "zSUObqEKBO",
            "NO17vURcDj",
            "0TsC966PKf",
            "KDI2VgyFoT",
            "urabFIQJ60"
        ],
        "screenName": "湘",
        "sessionToken": "AMvlmPADgdwlhmJEMHb2WjrCc",
        "updatedAt": "2015-01-18T05:03:06.906Z",
        "username": "+61451271028"
    },
	{
        "about": "胖子",
        "area": "Hurstville ",
        "askings": [
            "8VWB4ewdYW",
            "7CTVQIDuqr"
        ],
        "avatarUrl": "http://aumum.b0.upaiyun.com/null/209107838.jpg",
        "bcryptPassword": "$2a$10$J/D579TKykwgNKD.Ww6Xq.dIyGLbsiACY7Rpe5HfWPIBOtEzUK1K.",
        "chatId": "iepcs7nxqr",
        "city": "悉尼",
        "contacts": [
            "f9mNr2IlTi"
        ],
        "createdAt": "2015-01-04T09:43:49.043Z",
        "email": "xingyang2012@gmail.com",
        "favAskings": [
            "cWM7jMbm6b"
        ],
        "favParties": [
            "urlNvObYcl"
        ],
        "objectId": "IepcS7nxqR",
        "parties": [
            "Q3MON0XFHT"
        ],
        "screenName": "岁月静好",
        "sessionToken": "uKdsOzRfZDUas1QBPebZDYrJr",
        "updatedAt": "2015-01-18T10:22:25.663Z",
        "username": "+61451271036"
    },
	{
        "about": "当世球王",
        "area": "Hurstville ",
        "askings": [
            "ReXeGThr9C"
        ],
        "avatarUrl": "http://aumum.b0.upaiyun.com/zsDwYkta3M/1288840234.jpg",
        "bcryptPassword": "$2a$10$QaJEySq550AEu7LrdE/gsu45ticRi5BZ21DoWFRg2TGq89E9jpHyK",
        "chatId": "zsdwykta3m",
        "city": "悉尼",
        "contacts": [
            "iijfISd3Oi",
            "f9mNr2IlTi",
            "MMKaHPQ7z8",
            "jkoqY3V4vo",
            "AONJQ1m44K",
            "EkEjJ5uWLf",
            "8Ra2XTafDP",
            "5VHLRi7uQJ"
        ],
        "createdAt": "2014-12-17T13:47:12.888Z",
        "favAskings": [
            "8VWB4ewdYW",
            "DlFZpxhXpL"
        ],
        "favParties": [
            "Cc6OQjgJVd",
            "nyLS9V6IYC",
            "Q3MON0XFHT"
        ],
        "objectId": "zsDwYkta3M",
        "parties": [
            "kzj0qmH19X",
            "zSUObqEKBO",
            "lKet9WAjjq",
            "7znINoCZIb",
            "Vf4jSBWVY6",
            "kRjcyOM9Fj",
            "8hWaviAWaP",
            "ZI6vofjQwb",
            "NO17vURcDj",
            "nyLS9V6IYC",
            "Cc6OQjgJVd",
            "Q3MON0XFHT"
        ],
        "screenName": "笨笨宝",
        "sessionToken": "tefTzKNyWUKUB7Deu9o4z3lpE",
        "updatedAt": "2015-01-18T10:06:45.166Z",
        "username": "+61451271023"
    },
	{
        "about": "思科部门高级经理",
        "area": "Hurstville ",
        "avatarUrl": "http://aumum.b0.upaiyun.com/null/668541338.jpg",
        "bcryptPassword": "$2a$10$/Bmm1b.sBYCQM4lqm1Qi1euENNi54VT.eAvZmtEiURq44ljXTFyPG",
        "chatId": "vakvrtvxvd",
        "city": "悉尼",
        "contacts": [
            "iijfISd3Oi",
            "osXUBNFDgf"
        ],
        "createdAt": "2015-01-04T01:06:17.579Z",
        "email": "ned.ren@aumum.com",
        "favParties": [
            "Q3MON0XFHT",
            "0TsC966PKf",
            "ohXHsqQnRR",
            "54lQkY4vsr"
        ],
        "objectId": "VaKVrTvxvd",
        "parties": [
            "ohXHsqQnRR",
            "oECeefbtuD"
        ],
        "screenName": "人在途中",
        "sessionToken": "ueyQt9CEeUjpND22K4ASOWzPr",
        "updatedAt": "2015-01-18T10:23:19.137Z",
        "username": "+61451271034"
    },
	{
        "about": "我是一只死胖子",
        "area": "Hurstville ",
        "avatarUrl": "http://aumum.b0.upaiyun.com/f9mNr2IlTi/279335261.jpg",
        "bcryptPassword": "$2a$10$Or4oJDSDl6Up3N/DCQDTV.zrE90xHCBcIVWgrpjvBn.3qxma1nyIi",
        "chatId": "iijfisd3oi",
        "city": "悉尼",
        "contacts": [
            "f9mNr2IlTi",
            "zsDwYkta3M",
            "MMKaHPQ7z8",
            "jkoqY3V4vo",
            "AONJQ1m44K",
            "6fSPpD7B7w",
            "5VHLRi7uQJ",
            "3oRu7Cw7dR",
            "osXUBNFDgf",
            "AoapKYqjpd",
            "EkEjJ5uWLf",
            "VaKVrTvxvd",
            "m9xEJ5fCOJ",
            "IVLYojWWgP",
            "k2itaQUwNt",
            "t9x7Ff3Ddn"
        ],
        "createdAt": "2014-12-17T06:58:27.185Z",
        "email": "yangxing@aumum.com",
        "favAskings": [
            "8VWB4ewdYW",
            "cWM7jMbm6b",
            "VBLGAvdgGt"
        ],
        "favParties": [
            "fpbWbV1le5",
            "Cc6OQjgJVd",
            "0TsC966PKf",
            "ohXHsqQnRR",
            "sK55Knfvnz",
            "sDk5Fx64tr"
        ],
        "objectId": "iijfISd3Oi",
        "parties": [
            "EGHeUJvAau",
            "kzj0qmH19X",
            "zSUObqEKBO",
            "SnpETvN0vK",
            "bwFbRPLGHO",
            "i3Yxn2uxhf",
            "NO17vURcDj",
            "NJlnGrc3dx",
            "hJTJHWp1t7",
            "KDI2VgyFoT",
            "urabFIQJ60",
            "0TsC966PKf",
            "nyLS9V6IYC",
            "ohXHsqQnRR",
            "Cc6OQjgJVd",
            "54lQkY4vsr",
            "Q3MON0XFHT",
            "sK55Knfvnz",
            "sDk5Fx64tr"
        ],
        "screenName": "杨星",
        "sessionToken": "pY3t0iRMmYeXHtOZFow1oku90",
        "updatedAt": "2015-01-18T05:03:08.959Z",
        "username": "+61451271021"
    },
	{
        "about": "神一样的男人",
        "area": "Hurstville ",
        "askings": [
            "L1r2QKu5WW",
            "DScdoct9UP"
        ],
        "avatarUrl": "http://aumum.b0.upaiyun.com/3oRu7Cw7dR/238566298.jpg",
        "bcryptPassword": "$2a$10$dSve6gJSJbeX6HhJKwXYR.DFxxivPydInAhu5EkCatNNNnmxdOBH6",
        "chatId": "3oru7cw7dr",
        "city": "悉尼",
        "contacts": [
            "iijfISd3Oi",
            "osXUBNFDgf",
            "5VHLRi7uQJ",
            "f9mNr2IlTi"
        ],
        "createdAt": "2015-01-04T01:20:31.512Z",
        "email": "cobe@aumum.com",
        "favAskings": [
            "RZFM9TGOBP"
        ],
        "favParties": [
            "ohXHsqQnRR"
        ],
        "objectId": "3oRu7Cw7dR",
        "parties": [
            "ohXHsqQnRR",
            "Q3MON0XFHT"
        ],
        "screenName": "家有妞妞",
        "sessionToken": "P6DlIBzYv3dY0VWy1EvrEl9WT",
        "updatedAt": "2015-01-18T09:57:00.950Z",
        "username": "+61451271035"
    },
	{
        "about": "必和必拓RightShip SVIS首席架构师",
        "area": "Hurstville ",
        "askings": [
            "Bwuxf9LrFU",
            "OVxdW2kPgT",
            "UknoEQ47Lk"
        ],
        "avatarUrl": "http://aumum.b0.upaiyun.com/f9mNr2IlTi/1951032466.jpg",
        "bcryptPassword": "$2a$10$VpASoHCPrjsZzoQGLw2rJuB/.tFXzUkgzOpsAIOsshDGWF8Ii4qUW",
        "chatId": "f9mnr2ilti",
        "city": "悉尼",
        "contacts": [
            "iijfISd3Oi",
            "zsDwYkta3M",
            "MMKaHPQ7z8",
            "AONJQ1m44K",
            "jkoqY3V4vo",
            "EkEjJ5uWLf",
            "5VHLRi7uQJ",
            "osXUBNFDgf",
            "IepcS7nxqR",
            "t9x7Ff3Ddn"
        ],
        "createdAt": "2014-12-17T00:23:59.213Z",
        "email": "dy.moon123@yeah.net",
        "favAskings": [
            "8VWB4ewdYW"
        ],
        "favParties": [
            "b5GU0J41Na"
        ],
        "objectId": "f9mNr2IlTi",
        "parties": [
            "9p4UCbt13g",
            "48qyUSZlrB",
            "kzj0qmH19X",
            "zSUObqEKBO",
            "SnpETvN0vK",
            "0TsC966PKf",
            "nyLS9V6IYC",
            "Cc6OQjgJVd",
            "KDI2VgyFoT",
            "sDk5Fx64tr",
            "sK55Knfvnz"
        ],
        "screenName": "小言",
        "sessionToken": "IVz5pdfDagXBcn6TlQpKHgmcU",
        "updatedAt": "2015-01-18T10:23:35.772Z",
        "username": "+61451271022"
    },
	{
        "about": "CEO of VIVATAGS",
        "area": "Hurstville ",
        "avatarUrl": "http://aumum.b0.upaiyun.com/IVLYojWWgP/9887880.jpg",
        "bcryptPassword": "$2a$10$7hAqZY/EZhaNeQyxLKwDD.UBp6c1tofr.LkRA2DWTWC54BBRa0BYK",
        "chatId": "ivlyojwwgp",
        "city": "悉尼",
        "contacts": [
            "iijfISd3Oi"
        ],
        "createdAt": "2015-01-14T04:43:16.321Z",
        "email": "graeme.armstrong@aumums.com",
        "objectId": "IVLYojWWgP",
        "screenName": "三宝中",
        "sessionToken": "HfNiJlo62G1bIjqHQZCpmXfPQ",
        "updatedAt": "2015-01-18T10:17:04.185Z",
        "username": "+61451271038"
    },
	{
        "about": "我是ELTHAM小王子！",
        "area": "Hurstville ",
        "avatarUrl": "http://aumum.b0.upaiyun.com/rB02KXlZp7/1809430310.jpg",
        "bcryptPassword": "$2a$10$82EQ9Cj.elcs3KmNtcqQt.PRn8SyAvYp2xMrodO/SVaACGfXOV1SC",
        "chatId": "rb02kxlzp7",
        "city": "悉尼",
        "contacts": [
            "f9mNr2IlTi"
        ],
        "createdAt": "2015-01-15T03:41:06.137Z",
        "email": "eltham.prince@aumums.com",
        "objectId": "rB02KXlZp7",
        "screenName": "静儿",
        "sessionToken": "CrIj2TGnf1lUBkgYTkDU2dMN3",
        "updatedAt": "2015-01-18T10:13:24.232Z",
        "username": "+61451271040"
    },
	{
        "about": "我是一只可爱的加菲猫！",
        "area": "Hurstville ",
        "avatarUrl": "http://aumum.b0.upaiyun.com/rB02KXlZp7/772108828.jpg",
        "bcryptPassword": "$2a$10$xvkNNOP.vy4U9kEDxtJuM.n33q0qdfFSqAHncU8TCJgMdHgGEDLie",
        "chatId": "t9x7ff3ddn",
        "city": "悉尼",
        "contacts": [
            "iijfISd3Oi",
            "f9mNr2IlTi",
            "k2itaQUwNt"
        ],
        "createdAt": "2015-01-15T04:49:49.339Z",
        "email": "gf@aumums.com",
        "favParties": [
            "Ne9b9jxqqN"
        ],
        "objectId": "t9x7Ff3Ddn",
        "parties": [
            "Ne9b9jxqqN"
        ],
        "screenName": "笑笑宝妈",
        "sessionToken": "bq8nXCpMsB7YXFa6e7zma0GXN",
        "updatedAt": "2015-01-18T10:53:00.623Z",
        "username": "+61451271020"
    },
	{
        "about": "喜剧明星",
        "area": "Hurstville ",
        "askings": [
            "u0DJgVIaeJ"
        ],
        "avatarUrl": "http://aumum.b0.upaiyun.com/5VHLRi7uQJ/1067340181.jpg",
        "bcryptPassword": "$2a$10$Hzo76XTiaOPtHkzzLbV.5.vF4Oa.aKdEvnjNAHesIhT7LGjJUhDea",
        "chatId": "5vhlri7uqj",
        "city": "悉尼",
        "contacts": [
            "AoapKYqjpd",
            "iijfISd3Oi",
            "rCvq0xXNpP",
            "f9mNr2IlTi",
            "MMKaHPQ7z8",
            "zsDwYkta3M",
            "jkoqY3V4vo",
            "3oRu7Cw7dR"
        ],
        "createdAt": "2014-12-31T10:41:18.590Z",
        "email": "simpsob.du@aumum.com",
        "favAskings": [
            "DScdoct9UP"
        ],
        "favParties": [
            "kzj0qmH19X",
            "Cc6OQjgJVd",
            "ohXHsqQnRR"
        ],
        "objectId": "5VHLRi7uQJ",
        "parties": [
            "kzj0qmH19X",
            "0TsC966PKf",
            "KDI2VgyFoT",
            "nyLS9V6IYC",
            "ohXHsqQnRR",
            "54lQkY4vsr",
            "Cc6OQjgJVd",
            "urabFIQJ60"
        ],
        "screenName": "小主妇",
        "sessionToken": "aZ53DOZchftQZ7MrwD7cxmk1N",
        "updatedAt": "2015-01-18T10:03:44.007Z",
        "username": "+61451271031"
    },
	{
        "about": "超级巨星！",
        "area": "Hurstville ",
        "avatarUrl": "http://aumum.b0.upaiyun.com/AoapKYqjpd/1233015238.jpg",
        "bcryptPassword": "$2a$10$1w13cITM26YPofNAsQsave541OsskLft8DNKbyglm22E.9hTLtHYm",
        "chatId": "aoapkyqjpd",
        "city": "悉尼",
        "contacts": [
            "6fSPpD7B7w",
            "5VHLRi7uQJ",
            "rCvq0xXNpP",
            "MMKaHPQ7z8",
            "jkoqY3V4vo",
            "iijfISd3Oi",
            "f9mNr2IlTi",
            "AONJQ1m44K"
        ],
        "createdAt": "2014-12-31T11:26:37.476Z",
        "email": "robbie@aumum.com",
        "favParties": [
            "54lQkY4vsr",
            "Q3MON0XFHT"
        ],
        "objectId": "AoapKYqjpd",
        "parties": [
            "kzj0qmH19X",
            "On0elE63oI",
            "urabFIQJ60",
            "KDI2VgyFoT",
            "0TsC966PKf",
            "54lQkY4vsr",
            "Q3MON0XFHT"
        ],
        "screenName": "珠珠胖妈",
        "sessionToken": "aHPGwIEQZqnxwEFDnrpUnvcTn",
        "updatedAt": "2015-01-18T10:14:09.759Z",
        "username": "+61451271032"
    },
	{
        "about": "世上最丑小笼女就是我！",
        "area": "Hurstville ",
        "avatarUrl": "http://aumum.b0.upaiyun.com/m9xEJ5fCOJ/604458469.jpg",
        "bcryptPassword": "$2a$10$uzTLE7j43w4E6p69fXhB5uVPBUI521bXGCWnp9JF9kHPSNInfCgte",
        "chatId": "m9xej5fcoj",
        "city": "悉尼",
        "contacts": [
            "iijfISd3Oi",
            "f9mNr2IlTi"
        ],
        "createdAt": "2015-01-08T13:43:35.524Z",
        "email": "xiaolongnv@aumum.com",
        "favParties": [
            "ohXHsqQnRR",
            "Cc6OQjgJVd"
        ],
        "objectId": "m9xEJ5fCOJ",
        "parties": [
            "54lQkY4vsr"
        ],
        "screenName": "晶晶妈",
        "sessionToken": "Dx7r7icqBtVZhOd4e9KNA8DcS",
        "updatedAt": "2015-01-18T09:58:04.858Z",
        "username": "+61451271037"
    },
	{
        "about": "岁月静好",
        "area": "Hurstville ",
        "avatarUrl": "http://aumum.b0.upaiyun.com/osXUBNFDgf/1455142835.jpg",
        "bcryptPassword": "$2a$10$oypfFsJNc.tVcg0ogXIjXe9e6vkPbHcOxYPteaZtkkMTMBkInpw3G",
        "chatId": "osxubnfdgf",
        "city": "悉尼",
        "contacts": [
            "iijfISd3Oi",
            "f9mNr2IlTi",
            "VaKVrTvxvd",
            "3oRu7Cw7dR"
        ],
        "createdAt": "2015-01-04T00:40:34.444Z",
        "email": "mable@aumum.com",
        "objectId": "osXUBNFDgf",
        "screenName": "Mable Sun",
        "sessionToken": "ucnjLES75Lla4DhXDqMUp8ohD",
        "updatedAt": "2015-01-18T10:11:50.313Z",
        "username": "+61451271033"
    }
] }