{ "results": [
	{
        "content": "这正是我想强调的，你也知道租不是我的第一选择，租客素质是我最为看中的，麻烦你帮我把好这个关，谢谢了。",
        "createdAt": "2014-12-01T13:41:59.251Z",
        "objectId": "ICoEteV2vT",
        "updatedAt": "2014-12-01T13:41:59.251Z",
        "userId": "AONJQ1m44K"
    },
	{
        "content": "呵呵，杜先生您客气，这是小廖应该做的，能为您服务，也是小廖荣幸。我也真心想帮您以最好的价格出售。这个请您放心哈 [Laugh]",
        "createdAt": "2014-12-01T14:11:26.254Z",
        "objectId": "wqtGiAPZcy",
        "updatedAt": "2014-12-01T14:11:26.254Z",
        "userId": "EkEjJ5uWLf"
    },
	{
        "content": "awesome!",
        "createdAt": "2014-12-01T21:39:09.907Z",
        "objectId": "vFjSkQHmZz",
        "updatedAt": "2014-12-01T21:39:09.907Z",
        "userId": "EkEjJ5uWLf"
    },
	{
        "content": "杜先生您好，不好意思打扰您了，是这样子，我刚刚带了一组租客去看房子了，看得还不错，她回去考虑一下，这两天会给答复，到时我再和您说。还有一个问题，我今天发现了个问题，客厅里的立式空调没有了，我记得以前是有的，我想问一下，是不是您的朋友搬走了？具体还是怎么样，因为到时租客要租的话，客厅肯定是需要配一个的。收到请回复，谢谢。祝生活愉快，工作顺利。",
        "createdAt": "2014-12-01T13:44:11.461Z",
        "likes": [
            "AONJQ1m44K"
        ],
        "objectId": "9e3F8VLBQd",
        "updatedAt": "2014-12-02T12:14:17.925Z",
        "userId": "AONJQ1m44K"
    },
	{
        "content": "很好！",
        "createdAt": "2014-12-02T21:55:46.762Z",
        "likes": [
            "AONJQ1m44K"
        ],
        "objectId": "oFjaHKWuyP",
        "updatedAt": "2014-12-02T21:55:50.106Z",
        "userId": "AONJQ1m44K"
    },
	{
        "content": "哪里都行啊！",
        "createdAt": "2014-12-03T12:26:59.613Z",
        "likes": [],
        "objectId": "bibYANezAn",
        "updatedAt": "2014-12-03T12:26:59.613Z",
        "userId": "AONJQ1m44K"
    },
	{
        "content": "当然是HSBC啦",
        "createdAt": "2014-12-03T12:43:46.845Z",
        "likes": [],
        "objectId": "z3Lop8hhQL",
        "updatedAt": "2014-12-03T12:43:46.845Z",
        "userId": "AONJQ1m44K"
    },
	{
        "content": "白马路！",
        "createdAt": "2014-12-03T12:53:49.935Z",
        "likes": [],
        "objectId": "cwShaWVmiv",
        "updatedAt": "2014-12-03T12:53:49.935Z",
        "userId": "AONJQ1m44K"
    },
	{
        "content": "要不我也把租信息发出去，如果真的有合适租客，先租着，让客户让客户先看户型图及室内图片，非常有诚意客户再安排客户看一次房子，您觉得可以吗？",
        "createdAt": "2014-12-01T13:45:02.883Z",
        "likes": [
            "EkEjJ5uWLf"
        ],
        "objectId": "WdEKOREqA3",
        "updatedAt": "2014-12-05T15:14:49.858Z",
        "userId": "AONJQ1m44K"
    },
	{
        "content": "@猪狗妈妈 对死他对死他啊！",
        "createdAt": "2014-12-10T13:35:46.957Z",
        "likes": [],
        "objectId": "iG2zENfKIR",
        "updatedAt": "2014-12-10T13:35:46.957Z",
        "userId": "EkEjJ5uWLf"
    },
	{
        "content": "😓",
        "createdAt": "2014-12-10T13:37:16.237Z",
        "likes": [],
        "objectId": "wLG3H26eMl",
        "repliedId": "iG2zENfKIR",
        "updatedAt": "2014-12-10T13:37:16.237Z",
        "userId": "EkEjJ5uWLf"
    },
	{
        "content": "我看行！",
        "createdAt": "2014-12-10T15:00:13.007Z",
        "likes": [],
        "objectId": "ssItwW4kRQ",
        "updatedAt": "2014-12-10T15:00:13.007Z",
        "userId": "EkEjJ5uWLf"
    },
	{
        "content": "很不错！",
        "createdAt": "2014-12-23T05:05:47.978Z",
        "likes": [],
        "objectId": "4jcAOq2np6",
        "repliedId": "vFjSkQHmZz",
        "updatedAt": "2014-12-23T05:05:47.978Z",
        "userId": "AONJQ1m44K"
    },
	{
        "content": "同意！",
        "createdAt": "2014-12-23T13:34:06.965Z",
        "likes": [],
        "objectId": "p6zY9QeZQ7",
        "updatedAt": "2014-12-23T13:34:06.965Z",
        "userId": "EkEjJ5uWLf"
    },
	{
        "content": "沙发！",
        "createdAt": "2014-12-23T13:40:52.157Z",
        "likes": [],
        "objectId": "MchTvPRJPv",
        "updatedAt": "2014-12-23T13:40:52.157Z",
        "userId": "EkEjJ5uWLf"
    },
	{
        "content": "沙发！",
        "createdAt": "2014-12-23T13:49:39.193Z",
        "likes": [],
        "objectId": "WsbrM77RQS",
        "updatedAt": "2014-12-23T13:49:39.193Z",
        "userId": "EkEjJ5uWLf"
    },
	{
        "content": "沙发！",
        "createdAt": "2014-12-23T14:13:08.071Z",
        "likes": [],
        "objectId": "8LUqonAZeX",
        "updatedAt": "2014-12-23T14:13:08.071Z",
        "userId": "EkEjJ5uWLf"
    },
	{
        "content": "板凳！",
        "createdAt": "2014-12-23T14:14:46.548Z",
        "likes": [],
        "objectId": "CxblgQb2Dv",
        "updatedAt": "2014-12-23T14:14:46.548Z",
        "userId": "EkEjJ5uWLf"
    },
	{
        "content": "沙发！",
        "createdAt": "2014-12-23T14:15:14.520Z",
        "likes": [],
        "objectId": "Nou2bLUxEg",
        "updatedAt": "2014-12-23T14:15:14.520Z",
        "userId": "EkEjJ5uWLf"
    },
	{
        "content": "沙发！",
        "createdAt": "2014-12-23T14:17:53.695Z",
        "likes": [],
        "objectId": "tQQRE4Kytm",
        "updatedAt": "2014-12-23T14:17:53.695Z",
        "userId": "EkEjJ5uWLf"
    },
	{
        "content": "沙发！",
        "createdAt": "2014-12-23T14:19:27.158Z",
        "likes": [],
        "objectId": "HVKNzjkH6q",
        "updatedAt": "2014-12-23T14:19:27.158Z",
        "userId": "EkEjJ5uWLf"
    },
	{
        "content": "沙发！",
        "createdAt": "2014-12-23T14:19:42.396Z",
        "likes": [],
        "objectId": "DJQmyDHfLo",
        "updatedAt": "2014-12-23T14:19:42.396Z",
        "userId": "EkEjJ5uWLf"
    },
	{
        "content": "沙发！",
        "createdAt": "2014-12-23T14:19:58.006Z",
        "likes": [],
        "objectId": "ZaGPkMZmbD",
        "updatedAt": "2014-12-23T14:19:58.006Z",
        "userId": "EkEjJ5uWLf"
    },
	{
        "content": "沙发！",
        "createdAt": "2014-12-23T14:27:16.067Z",
        "likes": [],
        "objectId": "YT1bqCmTBz",
        "updatedAt": "2014-12-23T14:27:16.067Z",
        "userId": "EkEjJ5uWLf"
    },
	{
        "content": "沙发！",
        "createdAt": "2014-12-23T14:30:54.466Z",
        "likes": [],
        "objectId": "6qnzSpOMjC",
        "updatedAt": "2014-12-23T14:30:54.466Z",
        "userId": "EkEjJ5uWLf"
    },
	{
        "content": "沙发！",
        "createdAt": "2014-12-23T14:34:03.296Z",
        "likes": [],
        "objectId": "9jEf21tylb",
        "updatedAt": "2014-12-23T14:34:03.296Z",
        "userId": "EkEjJ5uWLf"
    },
	{
        "content": "好！",
        "createdAt": "2014-12-23T14:34:21.451Z",
        "likes": [],
        "objectId": "oxMTKMNYdA",
        "repliedId": "9jEf21tylb",
        "updatedAt": "2014-12-23T14:34:21.451Z",
        "userId": "EkEjJ5uWLf"
    },
	{
        "content": "沙发！",
        "createdAt": "2014-12-23T14:59:15.535Z",
        "likes": [],
        "objectId": "xbGkGxXBiG",
        "updatedAt": "2014-12-23T14:59:15.535Z",
        "userId": "EkEjJ5uWLf"
    },
	{
        "content": "沙发哦",
        "createdAt": "2014-12-23T15:10:50.985Z",
        "likes": [],
        "objectId": "cInf9WQIB2",
        "updatedAt": "2014-12-23T15:10:50.985Z",
        "userId": "EkEjJ5uWLf"
    },
	{
        "content": "ELTHAM不解释",
        "createdAt": "2014-12-01T01:31:28.534Z",
        "likes": [
            "rCvq0xXNpP"
        ],
        "objectId": "2vrse60704",
        "updatedAt": "2015-01-03T01:46:43.637Z",
        "userId": "AONJQ1m44K"
    },
	{
        "content": "Good!",
        "createdAt": "2015-01-04T10:03:45.027Z",
        "likes": [],
        "objectId": "uorGT2GPoE",
        "updatedAt": "2015-01-04T10:03:45.027Z",
        "userId": "f9mNr2IlTi"
    },
	{
        "content": "好",
        "createdAt": "2015-01-04T21:20:25.022Z",
        "likes": [
            "iijfISd3Oi"
        ],
        "objectId": "7Pcpf5FVRv",
        "updatedAt": "2015-01-04T21:20:30.098Z",
        "userId": "iijfISd3Oi"
    },
	{
        "content": "呃呃呃",
        "createdAt": "2015-01-04T09:59:23.082Z",
        "likes": [
            "iijfISd3Oi"
        ],
        "objectId": "lb7waoIaWL",
        "updatedAt": "2015-01-04T21:20:50.134Z",
        "userId": "IepcS7nxqR"
    },
	{
        "content": "好",
        "createdAt": "2015-01-06T01:59:25.284Z",
        "deletedAt": "2015-01-06T01:59:44.532Z",
        "likes": [],
        "objectId": "yTo0PRfWfd",
        "updatedAt": "2015-01-06T01:59:45.662Z",
        "userId": "zsDwYkta3M"
    },
	{
        "content": "好",
        "createdAt": "2015-01-06T02:03:23.173Z",
        "deletedAt": "2015-01-06T02:03:34.574Z",
        "likes": [],
        "objectId": "Uz7DIm397Z",
        "updatedAt": "2015-01-06T02:03:35.707Z",
        "userId": "zsDwYkta3M"
    },
	{
        "content": "好",
        "createdAt": "2015-01-06T02:32:55.967Z",
        "deletedAt": "2015-01-06T02:33:06.957Z",
        "likes": [],
        "objectId": "EZvw121QQj",
        "updatedAt": "2015-01-06T02:33:08.096Z",
        "userId": "zsDwYkta3M"
    },
	{
        "content": "好的",
        "createdAt": "2015-01-06T03:04:01.435Z",
        "deletedAt": "2015-01-06T03:04:15.094Z",
        "likes": [],
        "objectId": "oOJe0EJk2u",
        "updatedAt": "2015-01-06T03:04:16.213Z",
        "userId": "zsDwYkta3M"
    },
	{
        "content": "好！",
        "createdAt": "2015-01-06T03:48:30.763Z",
        "deletedAt": "2015-01-06T03:50:51.845Z",
        "likes": [],
        "objectId": "XsUUibUuWt",
        "updatedAt": "2015-01-06T03:50:54.425Z",
        "userId": "zsDwYkta3M"
    },
	{
        "content": "沙发！",
        "createdAt": "2014-12-23T13:56:01.245Z",
        "likes": [
            "zsDwYkta3M"
        ],
        "objectId": "GXcKt3SesL",
        "updatedAt": "2015-01-06T05:36:48.572Z",
        "userId": "EkEjJ5uWLf"
    },
	{
        "content": "好丑啊",
        "createdAt": "2015-01-06T07:03:15.898Z",
        "likes": [],
        "objectId": "UTPdODte0c",
        "updatedAt": "2015-01-06T07:03:15.898Z",
        "userId": "VaKVrTvxvd"
    },
	{
        "content": "不错哦",
        "createdAt": "2015-01-06T13:31:39.133Z",
        "likes": [],
        "objectId": "giDBgL6F7t",
        "updatedAt": "2015-01-06T13:31:39.133Z",
        "userId": "3oRu7Cw7dR"
    },
	{
        "content": "猪肉半价",
        "createdAt": "2014-11-30T21:30:47.355Z",
        "likes": [
            "AoapKYqjpd"
        ],
        "objectId": "Ag36X6VRBc",
        "updatedAt": "2015-01-07T02:40:23.587Z",
        "userId": "AONJQ1m44K"
    },
	{
        "content": "好",
        "createdAt": "2015-01-06T03:51:05.196Z",
        "deletedAt": "2015-01-06T04:08:23.842Z",
        "likes": [],
        "objectId": "H3cFJNoS1D",
        "updatedAt": "2015-01-06T04:08:24.959Z",
        "userId": "zsDwYkta3M"
    },
	{
        "content": "墨迹",
        "createdAt": "2015-01-04T10:00:47.121Z",
        "likes": [
            "zsDwYkta3M"
        ],
        "objectId": "eHwr29C2eq",
        "repliedId": "GXcKt3SesL",
        "updatedAt": "2015-01-06T05:36:47.628Z",
        "userId": "IepcS7nxqR"
    },
	{
        "content": "哪里？",
        "createdAt": "2015-01-06T13:31:55.026Z",
        "likes": [],
        "objectId": "xSk5Fo7rRO",
        "repliedId": "UTPdODte0c",
        "updatedAt": "2015-01-06T13:31:55.026Z",
        "userId": "3oRu7Cw7dR"
    },
	{
        "content": "哪里丑了",
        "createdAt": "2015-01-06T13:32:21.797Z",
        "likes": [],
        "objectId": "ufa9FO8xxS",
        "repliedId": "UTPdODte0c",
        "updatedAt": "2015-01-06T13:32:21.797Z",
        "userId": "3oRu7Cw7dR"
    },
	{
        "content": "恭喜那位兄弟！",
        "createdAt": "2015-01-06T21:05:18.618Z",
        "likes": [],
        "objectId": "msqOcJwFWV",
        "updatedAt": "2015-01-06T21:05:18.618Z",
        "userId": "5VHLRi7uQJ"
    },
	{
        "content": "回复@晶晶: 为啥啊",
        "createdAt": "2015-01-06T13:48:07.365Z",
        "likes": [
            "AoapKYqjpd"
        ],
        "objectId": "MFBXLi2P9R",
        "repliedId": "eHwr29C2eq",
        "updatedAt": "2015-01-07T02:38:41.171Z",
        "userId": "3oRu7Cw7dR"
    },
	{
        "content": "矮油",
        "createdAt": "2015-01-06T13:41:23.390Z",
        "likes": [
            "AoapKYqjpd"
        ],
        "objectId": "yDfa0k54nW",
        "updatedAt": "2015-01-07T02:38:42.720Z",
        "userId": "3oRu7Cw7dR"
    },
	{
        "content": "哈哈！",
        "createdAt": "2015-01-06T13:40:12.139Z",
        "likes": [
            "AoapKYqjpd"
        ],
        "objectId": "Pr6tjo1wux",
        "repliedId": "gy2t0jwX9g",
        "updatedAt": "2015-01-07T02:38:44.488Z",
        "userId": "3oRu7Cw7dR"
    },
	{
        "content": "板凳！",
        "createdAt": "2015-01-06T05:36:43.537Z",
        "likes": [
            "AoapKYqjpd"
        ],
        "objectId": "gy2t0jwX9g",
        "updatedAt": "2015-01-07T02:39:16.846Z",
        "userId": "zsDwYkta3M"
    },
	{
        "content": "必须是刘高林老师！",
        "createdAt": "2014-11-30T13:53:46.584Z",
        "likes": [
            "AONJQ1m44K",
            "AoapKYqjpd"
        ],
        "objectId": "z3WjAxUeGr",
        "updatedAt": "2015-01-07T02:40:09.140Z",
        "userId": "AONJQ1m44K"
    },
	{
        "content": "好片子！",
        "createdAt": "2015-01-08T14:00:09.026Z",
        "likes": [],
        "objectId": "d01hzFtnEC",
        "updatedAt": "2015-01-08T14:00:09.026Z",
        "userId": "m9xEJ5fCOJ"
    },
	{
        "content": "稀饭这双鞋",
        "createdAt": "2015-01-08T14:00:34.580Z",
        "likes": [],
        "objectId": "e6LOynV88G",
        "updatedAt": "2015-01-08T14:00:34.580Z",
        "userId": "m9xEJ5fCOJ"
    },
	{
        "content": "出现结构性的房子，不管是砖还是架，都别买的好。你之前的砖房不行，很明显是因为墙里没有加隔热。",
        "createdAt": "2015-01-18T11:35:40.967Z",
        "likes": [],
        "objectId": "OMoyLRK85n",
        "updatedAt": "2015-01-18T11:35:40.967Z",
        "userId": "VaKVrTvxvd"
    },
	{
        "content": "听老外说，他们喜欢木板房，澳洲很多小地震，木板房比砖房更有柔韧性更适合这里，但华人还是爱砖房。",
        "createdAt": "2015-01-18T11:37:46.760Z",
        "likes": [],
        "objectId": "NePlmP4THL",
        "updatedAt": "2015-01-18T11:37:46.760Z",
        "userId": "osXUBNFDgf"
    },
	{
        "content": "如果同是新房子，自然是双砖隔热隔音好，但是如果老的双砖则未必，因为新型的隔热隔音棉普遍用于单砖房，且效果相当好。",
        "createdAt": "2015-01-18T11:43:40.381Z",
        "likes": [
            "AONJQ1m44K",
            "t9x7Ff3Ddn"
        ],
        "objectId": "tb3dKBmq6z",
        "updatedAt": "2015-01-18T11:44:11.470Z",
        "userId": "AONJQ1m44K"
    }
] }