{ "results": [
	{
        "category": 0,
        "createdAt": "2014-11-30T04:48:49.296Z",
        "details": "",
        "favorites": [],
        "images": [],
        "likes": [],
        "objectId": "MiqSHQaVUd",
        "replies": [
            "z3WjAxUeGr"
        ],
        "title": "测试",
        "updatedAt": "2015-01-06T12:39:29.004Z",
        "userId": "EkEjJ5uWLf"
    },
	{
        "category": 1,
        "createdAt": "2014-11-28T23:15:06.762Z",
        "deletedAt": "2014-12-02T13:08:30.018Z",
        "details": "",
        "favorites": [],
        "images": [],
        "likes": [],
        "objectId": "PWtWGkT8ed",
        "replies": [],
        "title": "测试",
        "updatedAt": "2015-01-06T12:39:38.974Z",
        "userId": "AONJQ1m44K"
    },
	{
        "category": 4,
        "createdAt": "2014-12-23T14:27:05.409Z",
        "details": "",
        "favorites": [],
        "images": [],
        "likes": [],
        "objectId": "u1KtuO4pgX",
        "replies": [
            "YT1bqCmTBz"
        ],
        "title": "BOXING DAY！",
        "updatedAt": "2015-01-06T12:39:23.495Z",
        "userId": "EkEjJ5uWLf"
    },
	{
        "category": 2,
        "createdAt": "2014-11-28T23:10:50.817Z",
        "details": "",
        "favorites": [],
        "images": [],
        "likes": [],
        "objectId": "TbiX3jcU6Z",
        "replies": [
            "Nou2bLUxEg"
        ],
        "title": "测试",
        "updatedAt": "2015-01-06T12:39:40.245Z",
        "userId": "AONJQ1m44K"
    },
	{
        "category": 3,
        "createdAt": "2014-11-30T04:45:53.276Z",
        "details": "",
        "favorites": [],
        "images": [],
        "likes": [],
        "objectId": "GKHdKaptn3",
        "replies": [
            "bibYANezAn"
        ],
        "title": "测试",
        "updatedAt": "2015-01-06T12:39:31.301Z",
        "userId": "EkEjJ5uWLf"
    },
	{
        "category": 2,
        "createdAt": "2014-11-28T23:21:07.141Z",
        "details": "",
        "favorites": [],
        "images": [],
        "likes": [],
        "objectId": "r9KCVyOTK2",
        "replies": [
            "cwShaWVmiv"
        ],
        "title": "测试",
        "updatedAt": "2015-01-06T12:39:38.343Z",
        "userId": "AONJQ1m44K"
    },
	{
        "category": 1,
        "createdAt": "2014-11-30T04:49:26.819Z",
        "details": "",
        "favorites": [],
        "images": [],
        "likes": [],
        "objectId": "lylhrftJnY",
        "replies": [
            "Ag36X6VRBc"
        ],
        "title": "测试",
        "updatedAt": "2015-01-06T12:39:28.645Z",
        "userId": "EkEjJ5uWLf"
    },
	{
        "category": 3,
        "createdAt": "2014-11-28T23:22:38.219Z",
        "details": "",
        "favorites": [],
        "images": [],
        "likes": [],
        "objectId": "j6kW0fRwPA",
        "replies": [
            "z3Lop8hhQL"
        ],
        "title": "测试",
        "updatedAt": "2015-01-06T12:39:37.719Z",
        "userId": "AONJQ1m44K"
    },
	{
        "category": 3,
        "createdAt": "2014-11-28T23:12:21.224Z",
        "details": "",
        "favorites": [
            "AONJQ1m44K"
        ],
        "images": [],
        "likes": [],
        "objectId": "2LZncyKarD",
        "replies": [
            "oFjaHKWuyP"
        ],
        "title": "测试",
        "updatedAt": "2015-01-06T12:39:39.611Z",
        "userId": "AONJQ1m44K"
    },
	{
        "category": 0,
        "createdAt": "2014-11-27T14:16:19.008Z",
        "deletedAt": "2014-12-01T05:59:01.153Z",
        "details": "",
        "favorites": [],
        "images": [],
        "likes": [],
        "objectId": "mmHi3vz3gt",
        "replies": [],
        "title": "测试",
        "updatedAt": "2015-01-06T12:39:42.711Z",
        "userId": "AONJQ1m44K"
    },
	{
        "category": 1,
        "createdAt": "2014-12-10T13:28:30.047Z",
        "details": "",
        "favorites": [],
        "images": [
            "http://aumum.b0.upaiyun.com/EkEjJ5uWLf/1606833338.jpg",
            "http://aumum.b0.upaiyun.com/EkEjJ5uWLf/1498357001.jpg",
            "http://aumum.b0.upaiyun.com/EkEjJ5uWLf/914203546.jpg",
            "http://aumum.b0.upaiyun.com/EkEjJ5uWLf/1146744109.jpg"
        ],
        "likes": [],
        "objectId": "MIoTzAQcdz",
        "replies": [
            "iG2zENfKIR",
            "wLG3H26eMl"
        ],
        "title": "测试",
        "updatedAt": "2015-01-06T12:39:26.220Z",
        "userId": "EkEjJ5uWLf"
    },
	{
        "category": 2,
        "createdAt": "2014-12-10T14:09:57.989Z",
        "details": "",
        "favorites": [],
        "images": [
            "http://aumum.b0.upaiyun.com/EkEjJ5uWLf/360165026.jpg"
        ],
        "likes": [],
        "objectId": "GwsmqzBQ9g",
        "replies": [
            "8LUqonAZeX",
            "CxblgQb2Dv"
        ],
        "title": "测试",
        "updatedAt": "2015-01-06T12:39:25.583Z",
        "userId": "EkEjJ5uWLf"
    },
	{
        "category": 3,
        "createdAt": "2014-12-10T14:59:01.608Z",
        "details": "",
        "favorites": [],
        "images": [
            "http://aumum.b0.upaiyun.com/EkEjJ5uWLf/738526010.jpg",
            "http://aumum.b0.upaiyun.com/EkEjJ5uWLf/740373052.jpg"
        ],
        "likes": [],
        "objectId": "Eju2bcqC8e",
        "replies": [
            "ssItwW4kRQ"
        ],
        "title": "测试",
        "updatedAt": "2015-01-06T12:39:24.958Z",
        "userId": "EkEjJ5uWLf"
    },
	{
        "category": 2,
        "createdAt": "2014-11-30T04:51:09.408Z",
        "details": "",
        "favorites": [],
        "images": [],
        "likes": [],
        "objectId": "7njLccQHG5",
        "replies": [
            "ZaGPkMZmbD"
        ],
        "title": "测试",
        "updatedAt": "2015-01-06T12:39:27.578Z",
        "userId": "EkEjJ5uWLf"
    },
	{
        "category": 6,
        "createdAt": "2014-12-24T06:12:27.074Z",
        "details": "每当内心特别特别特别烦乱的时候，总想找一处特别特别特别嘈杂的咖啡馆，放任自己去想一些特别特别特别与自身无关的事情，于是，慢慢地，内心就特别特别特别的平静了。",
        "favorites": [],
        "images": [
            "http://aumum.b0.upaiyun.com/EkEjJ5uWLf/1935953640.jpg",
            "http://aumum.b0.upaiyun.com/EkEjJ5uWLf/505507009.jpg"
        ],
        "likes": [],
        "objectId": "4zZKq5EM7h",
        "replies": [],
        "title": "圣诞晚宴",
        "updatedAt": "2015-01-06T12:39:19.157Z",
        "userId": "EkEjJ5uWLf"
    },
	{
        "category": 0,
        "createdAt": "2014-11-28T23:02:06.290Z",
        "deletedAt": "2014-12-25T07:33:01.933Z",
        "details": "",
        "favorites": [],
        "images": [],
        "likes": [],
        "objectId": "2ql1nqfkRy",
        "replies": [
            "WsbrM77RQS"
        ],
        "title": "测试",
        "updatedAt": "2015-01-06T12:39:41.510Z",
        "userId": "AONJQ1m44K"
    },
	{
        "category": 1,
        "createdAt": "2014-11-28T23:09:34.301Z",
        "deletedAt": "2014-12-25T07:35:15.223Z",
        "details": "",
        "favorites": [],
        "images": [],
        "likes": [],
        "objectId": "NLX5ep9wHq",
        "replies": [
            "tQQRE4Kytm"
        ],
        "title": "测试",
        "updatedAt": "2015-01-06T12:39:40.826Z",
        "userId": "AONJQ1m44K"
    },
	{
        "category": 0,
        "createdAt": "2014-11-28T23:40:46.533Z",
        "details": "",
        "favorites": [
            "rCvq0xXNpP"
        ],
        "images": [],
        "likes": [
            "AoapKYqjpd"
        ],
        "objectId": "OD3EPk60Lt",
        "replies": [
            "2vrse60704"
        ],
        "title": "测试",
        "updatedAt": "2015-01-03T03:41:10.145Z",
        "userId": "AONJQ1m44K"
    },
	{
        "category": 5,
        "createdAt": "2014-12-23T15:10:41.090Z",
        "deletedAt": "2015-01-03T12:50:31.516Z",
        "details": "",
        "favorites": [],
        "images": [],
        "likes": [],
        "objectId": "v6HQqS2naE",
        "replies": [
            "cInf9WQIB2"
        ],
        "title": "我爱时尚！",
        "updatedAt": "2015-01-06T12:39:19.801Z",
        "userId": "EkEjJ5uWLf"
    },
	{
        "category": 5,
        "createdAt": "2014-12-23T14:30:46.808Z",
        "deletedAt": "2015-01-03T12:50:35.048Z",
        "details": "",
        "favorites": [],
        "images": [],
        "likes": [],
        "objectId": "wz46K2jkKd",
        "replies": [
            "6qnzSpOMjC"
        ],
        "title": "我要美容！",
        "updatedAt": "2015-01-06T12:39:22.028Z",
        "userId": "EkEjJ5uWLf"
    },
	{
        "category": 5,
        "createdAt": "2015-01-04T10:02:59.552Z",
        "details": "",
        "favorites": [],
        "images": [],
        "likes": [
            "f9mNr2IlTi"
        ],
        "objectId": "7CTVQIDuqr",
        "replies": [
            "uorGT2GPoE"
        ],
        "title": "哈哈啊啊啊",
        "updatedAt": "2015-01-04T10:03:45.408Z",
        "userId": "IepcS7nxqR"
    },
	{
        "category": 6,
        "createdAt": "2014-12-23T02:48:03.007Z",
        "details": "@周昌俊",
        "favorites": [
            "IepcS7nxqR",
            "iijfISd3Oi"
        ],
        "images": [
            "http://aumum.b0.upaiyun.com/AONJQ1m44K/1609596117.jpg",
            "http://aumum.b0.upaiyun.com/AONJQ1m44K/718095248.jpg"
        ],
        "likes": [
            "IepcS7nxqR",
            "iijfISd3Oi"
        ],
        "objectId": "cWM7jMbm6b",
        "replies": [
            "p6zY9QeZQ7",
            "lb7waoIaWL"
        ],
        "title": "世上最丑小笼女@周昌俊",
        "updatedAt": "2015-01-04T21:20:47.436Z",
        "userId": "AONJQ1m44K"
    },
	{
        "category": 0,
        "createdAt": "2015-01-04T10:01:18.957Z",
        "details": "墨迹",
        "favorites": [
            "iijfISd3Oi",
            "f9mNr2IlTi",
            "zsDwYkta3M"
        ],
        "images": [],
        "likes": [
            "iijfISd3Oi"
        ],
        "objectId": "8VWB4ewdYW",
        "replies": [
            "7Pcpf5FVRv"
        ],
        "title": "急急急",
        "updatedAt": "2015-01-06T01:00:15.972Z",
        "userId": "IepcS7nxqR"
    },
	{
        "category": 5,
        "createdAt": "2015-01-06T05:42:33.020Z",
        "details": "测试",
        "favorites": [],
        "images": [],
        "likes": [],
        "objectId": "ReXeGThr9C",
        "replies": [],
        "title": "交时间表",
        "updatedAt": "2015-01-06T05:42:33.020Z",
        "userId": "zsDwYkta3M"
    },
	{
        "category": 4,
        "createdAt": "2014-12-23T14:47:08.070Z",
        "details": "",
        "favorites": [],
        "images": [],
        "likes": [],
        "objectId": "7gJCkdIlti",
        "replies": [
            "xbGkGxXBiG"
        ],
        "title": "明天去哪血拼？",
        "updatedAt": "2015-01-06T12:39:20.452Z",
        "userId": "EkEjJ5uWLf"
    },
	{
        "category": 3,
        "createdAt": "2014-12-23T14:33:48.751Z",
        "details": "",
        "favorites": [
            "iijfISd3Oi"
        ],
        "images": [],
        "likes": [],
        "objectId": "VBLGAvdgGt",
        "replies": [
            "9jEf21tylb",
            "oxMTKMNYdA"
        ],
        "title": "我要理财！",
        "updatedAt": "2015-01-06T12:39:21.345Z",
        "userId": "EkEjJ5uWLf"
    },
	{
        "category": 1,
        "createdAt": "2014-12-05T15:07:41.704Z",
        "details": "",
        "favorites": [],
        "images": [],
        "likes": [],
        "objectId": "hN44ortG5H",
        "replies": [
            "HVKNzjkH6q"
        ],
        "title": "测试",
        "updatedAt": "2015-01-06T12:39:26.902Z",
        "userId": "EkEjJ5uWLf"
    },
	{
        "category": 2,
        "createdAt": "2014-11-30T04:34:43.577Z",
        "details": "",
        "favorites": [],
        "images": [],
        "likes": [],
        "objectId": "RS0UIdmGHD",
        "replies": [
            "DJQmyDHfLo"
        ],
        "title": "测试",
        "updatedAt": "2015-01-06T12:39:35.640Z",
        "userId": "EkEjJ5uWLf"
    },
	{
        "category": 1,
        "createdAt": "2014-11-28T23:41:55.186Z",
        "details": "",
        "favorites": [
            "AONJQ1m44K",
            "EkEjJ5uWLf"
        ],
        "images": [],
        "likes": [],
        "objectId": "inEm4Le8mp",
        "replies": [
            "ICoEteV2vT",
            "9e3F8VLBQd",
            "WdEKOREqA3",
            "wqtGiAPZcy",
            "vFjSkQHmZz",
            "4jcAOq2np6"
        ],
        "title": "测试",
        "updatedAt": "2015-01-06T12:39:36.332Z",
        "userId": "AONJQ1m44K"
    },
	{
        "category": 0,
        "createdAt": "2014-12-11T21:39:23.215Z",
        "details": "",
        "favorites": [
            "3oRu7Cw7dR"
        ],
        "images": [
            "http://aumum.b0.upaiyun.com/EkEjJ5uWLf/8072965.jpg",
            "http://aumum.b0.upaiyun.com/EkEjJ5uWLf/29313948.jpg",
            "http://aumum.b0.upaiyun.com/EkEjJ5uWLf/33008032.jpg"
        ],
        "likes": [
            "3oRu7Cw7dR"
        ],
        "objectId": "RZFM9TGOBP",
        "replies": [
            "MchTvPRJPv",
            "UTPdODte0c",
            "giDBgL6F7t",
            "xSk5Fo7rRO",
            "ufa9FO8xxS"
        ],
        "title": "测试",
        "updatedAt": "2015-01-06T13:32:22.331Z",
        "userId": "EkEjJ5uWLf"
    },
	{
        "category": 0,
        "createdAt": "2014-12-05T15:03:49.293Z",
        "details": "",
        "favorites": [
            "zsDwYkta3M"
        ],
        "images": [],
        "likes": [
            "zsDwYkta3M"
        ],
        "objectId": "DlFZpxhXpL",
        "replies": [
            "GXcKt3SesL",
            "eHwr29C2eq",
            "Uz7DIm397Z",
            "EZvw121QQj",
            "gy2t0jwX9g",
            "Pr6tjo1wux",
            "yDfa0k54nW",
            "MFBXLi2P9R"
        ],
        "title": "测试",
        "updatedAt": "2015-01-06T13:48:07.735Z",
        "userId": "EkEjJ5uWLf"
    },
	{
        "category": 5,
        "createdAt": "2015-01-06T14:25:59.766Z",
        "details": "好多好玩的",
        "favorites": [],
        "images": [
            "http://aumum.b0.upaiyun.com/null/347703647.jpg",
            "http://aumum.b0.upaiyun.com/null/2139739590.jpg",
            "http://aumum.b0.upaiyun.com/null/1911620698.jpg",
            "http://aumum.b0.upaiyun.com/null/1995093304.jpg"
        ],
        "likes": [
            "m9xEJ5fCOJ"
        ],
        "objectId": "L1r2QKu5WW",
        "replies": [
            "e6LOynV88G"
        ],
        "title": "婆婆QQ卡怕PS二7怕per7怕怕二7热怕怕而发怕怕二测萨尔啊二热啊说切让",
        "updatedAt": "2015-01-08T14:00:35.081Z",
        "userId": "3oRu7Cw7dR"
    },
	{
        "category": 5,
        "createdAt": "2015-01-06T14:27:01.190Z",
        "details": "恭喜！",
        "favorites": [
            "5VHLRi7uQJ"
        ],
        "images": [
            "http://aumum.b0.upaiyun.com/null/1356112979.jpg"
        ],
        "likes": [
            "5VHLRi7uQJ"
        ],
        "objectId": "DScdoct9UP",
        "replies": [
            "msqOcJwFWV"
        ],
        "title": "余敬鹏当爹啦",
        "updatedAt": "2015-01-06T21:05:19.085Z",
        "userId": "3oRu7Cw7dR"
    },
	{
        "category": 4,
        "createdAt": "2015-01-06T21:11:40.130Z",
        "details": "昨天刚去了",
        "favorites": [],
        "images": [
            "http://aumum.b0.upaiyun.com/5VHLRi7uQJ/1762481137.jpg",
            "http://aumum.b0.upaiyun.com/5VHLRi7uQJ/2108235471.jpg"
        ],
        "likes": [
            "m9xEJ5fCOJ"
        ],
        "objectId": "u0DJgVIaeJ",
        "replies": [
            "d01hzFtnEC"
        ],
        "title": "博物馆奇妙夜",
        "updatedAt": "2015-01-08T14:00:09.486Z",
        "userId": "5VHLRi7uQJ"
    },
	{
        "category": 0,
        "createdAt": "2015-01-10T03:49:13.280Z",
        "details": "杨星和猪狗",
        "favorites": [],
        "images": [
            "http://aumum.b0.upaiyun.com/null/1089414820.jpg",
            "http://aumum.b0.upaiyun.com/null/1295348121.jpg",
            "http://aumum.b0.upaiyun.com/null/2071105761.jpg",
            "http://aumum.b0.upaiyun.com/null/1241783903.jpg"
        ],
        "likes": [],
        "objectId": "Bwuxf9LrFU",
        "replies": [],
        "title": "午睡",
        "updatedAt": "2015-01-10T03:49:13.280Z",
        "userId": "f9mNr2IlTi"
    },
	{
        "category": 6,
        "createdAt": "2015-01-10T04:00:34.894Z",
        "details": "测试",
        "favorites": [],
        "images": [
            "http://aumum.b0.upaiyun.com/null/73292370.jpg",
            "http://aumum.b0.upaiyun.com/null/814211311.jpg",
            "http://aumum.b0.upaiyun.com/null/907945981.jpg",
            "http://aumum.b0.upaiyun.com/null/931957527.jpg"
        ],
        "likes": [],
        "objectId": "OVxdW2kPgT",
        "replies": [],
        "title": "测试图片",
        "updatedAt": "2015-01-10T04:00:34.894Z",
        "userId": "f9mNr2IlTi"
    },
	{
        "category": 6,
        "createdAt": "2015-01-10T04:17:23.667Z",
        "details": "测试",
        "favorites": [],
        "images": [
            "http://aumum.b0.upaiyun.com/f9mNr2IlTi/1292232986.jpg",
            "http://aumum.b0.upaiyun.com/f9mNr2IlTi/1294080028.jpg",
            "http://aumum.b0.upaiyun.com/f9mNr2IlTi/555263228.jpg",
            "http://aumum.b0.upaiyun.com/f9mNr2IlTi/1295927070.jpg"
        ],
        "likes": [],
        "objectId": "UknoEQ47Lk",
        "replies": [],
        "title": "再次测试图片",
        "updatedAt": "2015-01-10T04:17:23.667Z",
        "userId": "f9mNr2IlTi"
    },
	{
        "category": 0,
        "createdAt": "2015-01-18T11:27:38.361Z",
        "details": "记得以前朋友都说双砖好。上次和中介聊的时候，中介说不要买双砖尤其是老的双砖房。说双砖一旦出现结构性问题，非常不好修。而且双砖导热，夏天一旦热起来了，里面的热量非常不容易排出去。想想自己当年住双砖的Flat，好像是的，在最热的几天，晚上9点了，温度都没降下来。",
        "favorites": [],
        "images": [],
        "likes": [],
        "objectId": "g8Bt3icMTh",
        "replies": [
            "OMoyLRK85n",
            "NePlmP4THL",
            "tb3dKBmq6z"
        ],
        "title": "大家谈谈双砖房，单砖房，木板房各自的优缺点",
        "updatedAt": "2015-01-18T11:43:40.860Z",
        "userId": "k2itaQUwNt"
    }
] }