{ "results": [
	{
        "content": "不好意思，那天有事去不了，祝你们开心！",
        "createdAt": "2014-10-29T04:01:48.533Z",
        "objectId": "LvgSLBQ94T",
        "type": 1,
        "updatedAt": "2014-10-29T04:01:48.533Z",
        "userId": "AONJQ1m44K"
    },
	{
        "content": "突然我又能去了✌",
        "createdAt": "2014-10-29T04:17:31.691Z",
        "objectId": "Xr5NULw5Tb",
        "type": 0,
        "updatedAt": "2014-10-29T04:17:31.691Z",
        "userId": "AONJQ1m44K"
    },
	{
        "content": "哎呀，又去不了了！",
        "createdAt": "2014-10-29T04:19:16.128Z",
        "objectId": "FTaJV9r1Mk",
        "type": 1,
        "updatedAt": "2014-10-29T04:19:16.128Z",
        "userId": "AONJQ1m44K"
    },
	{
        "content": "我擦，又能去了！",
        "createdAt": "2014-10-29T05:19:50.345Z",
        "objectId": "q6uznBIz6v",
        "type": 0,
        "updatedAt": "2014-10-29T05:19:50.345Z",
        "userId": "AONJQ1m44K"
    },
	{
        "content": "很想参加",
        "createdAt": "2014-10-29T21:48:25.572Z",
        "objectId": "qXRRbq95kx",
        "type": 0,
        "updatedAt": "2014-10-29T21:48:25.572Z",
        "userId": "EkEjJ5uWLf"
    },
	{
        "content": "我要参加！",
        "createdAt": "2014-10-29T22:55:14.220Z",
        "objectId": "tF9eAN2czP",
        "type": 0,
        "updatedAt": "2014-10-29T22:55:14.220Z",
        "userId": "EkEjJ5uWLf"
    },
	{
        "content": "一定要去！必须要去！！！",
        "createdAt": "2014-10-31T01:29:45.153Z",
        "objectId": "tNK2bT8s7I",
        "type": 0,
        "updatedAt": "2014-10-31T01:29:45.153Z",
        "userId": "EkEjJ5uWLf"
    },
	{
        "content": "超级想去！",
        "createdAt": "2014-10-31T02:47:56.790Z",
        "objectId": "WIUrwr8sUD",
        "type": 0,
        "updatedAt": "2014-10-31T02:47:56.790Z",
        "userId": "AONJQ1m44K"
    },
	{
        "content": "生日快乐！！！",
        "createdAt": "2014-10-31T03:06:02.183Z",
        "objectId": "tQL9n6V8RD",
        "type": 0,
        "updatedAt": "2014-10-31T03:06:02.183Z",
        "userId": "EkEjJ5uWLf"
    },
	{
        "content": "我要去啊！！",
        "createdAt": "2014-10-31T03:44:00.644Z",
        "objectId": "q4DqiQLO7T",
        "type": 0,
        "updatedAt": "2014-10-31T03:44:00.644Z",
        "userId": "AONJQ1m44K"
    },
	{
        "content": "那天有事去不了",
        "createdAt": "2014-10-31T03:48:32.010Z",
        "objectId": "Mp9bOEaHaz",
        "type": 1,
        "updatedAt": "2014-10-31T03:48:32.010Z",
        "userId": "EkEjJ5uWLf"
    },
	{
        "content": "报名啦！",
        "createdAt": "2014-11-09T14:29:23.956Z",
        "objectId": "wYBwPEKkXs",
        "type": 0,
        "updatedAt": "2014-11-09T14:29:23.956Z",
        "userId": "AONJQ1m44K"
    },
	{
        "content": "我要参加！！！",
        "createdAt": "2014-11-09T15:03:08.697Z",
        "objectId": "gWY27NuQVN",
        "type": 0,
        "updatedAt": "2014-11-09T15:03:08.697Z",
        "userId": "AONJQ1m44K"
    },
	{
        "content": "那天又去不了了",
        "createdAt": "2014-11-09T15:03:27.722Z",
        "objectId": "fAWBTrYvMQ",
        "type": 1,
        "updatedAt": "2014-11-09T15:03:27.722Z",
        "userId": "AONJQ1m44K"
    },
	{
        "content": "又能去了也！",
        "createdAt": "2014-11-09T15:03:47.597Z",
        "objectId": "mRx6f11CM5",
        "type": 0,
        "updatedAt": "2014-11-09T15:03:47.597Z",
        "userId": "AONJQ1m44K"
    },
	{
        "content": "又去不了了哦",
        "createdAt": "2014-11-09T15:04:09.305Z",
        "objectId": "a8wAr4XgVK",
        "type": 1,
        "updatedAt": "2014-11-09T15:04:09.305Z",
        "userId": "AONJQ1m44K"
    },
	{
        "content": "又可以去了！",
        "createdAt": "2014-11-09T15:04:20.941Z",
        "objectId": "GPv1bPN1u1",
        "type": 0,
        "updatedAt": "2014-11-09T15:04:20.941Z",
        "userId": "AONJQ1m44K"
    },
	{
        "content": "不想去了",
        "createdAt": "2014-11-09T15:27:03.785Z",
        "objectId": "kR09swpVVm",
        "type": 1,
        "updatedAt": "2014-11-09T15:27:03.785Z",
        "userId": "AONJQ1m44K"
    },
	{
        "content": "又想去了",
        "createdAt": "2014-11-09T15:27:17.337Z",
        "objectId": "kVOYeEzla4",
        "type": 0,
        "updatedAt": "2014-11-09T15:27:17.337Z",
        "userId": "AONJQ1m44K"
    },
	{
        "content": "这次一定参加！",
        "createdAt": "2014-11-14T00:48:31.682Z",
        "objectId": "VsUOuo3Gop",
        "type": 0,
        "updatedAt": "2014-11-14T00:48:31.682Z",
        "userId": "AONJQ1m44K"
    },
	{
        "content": "我要去！",
        "createdAt": "2014-12-02T07:04:51.130Z",
        "objectId": "khST9jVWSC",
        "type": 0,
        "updatedAt": "2014-12-02T07:04:51.130Z",
        "userId": "AONJQ1m44K"
    },
	{
        "content": "去不了啦",
        "createdAt": "2014-12-03T13:54:13.092Z",
        "objectId": "F4vnXHTVWc",
        "type": 1,
        "updatedAt": "2014-12-03T13:54:13.092Z",
        "userId": "AONJQ1m44K"
    },
	{
        "content": "又能去啦！耶！",
        "createdAt": "2014-12-03T13:59:11.605Z",
        "objectId": "VE0ZF9x34q",
        "type": 0,
        "updatedAt": "2014-12-03T13:59:11.605Z",
        "userId": "AONJQ1m44K"
    },
	{
        "content": "一定要去！@Ashish",
        "createdAt": "2014-12-06T01:15:42.353Z",
        "objectId": "cG3EN6xYXm",
        "type": 0,
        "updatedAt": "2014-12-06T01:15:42.353Z",
        "userId": "AONJQ1m44K"
    },
	{
        "content": "咱也报一个？",
        "createdAt": "2014-12-11T22:22:58.208Z",
        "objectId": "Sbpsqbh2ve",
        "type": 0,
        "updatedAt": "2014-12-11T22:22:58.208Z",
        "userId": "jkoqY3V4vo"
    },
	{
        "content": "我也报一个！",
        "createdAt": "2014-12-17T07:00:12.076Z",
        "objectId": "xNoAAffLip",
        "type": 0,
        "updatedAt": "2014-12-17T07:00:12.076Z",
        "userId": "iijfISd3Oi"
    },
	{
        "content": "报一个！",
        "createdAt": "2014-12-18T03:05:28.141Z",
        "objectId": "KBosx7gpad",
        "type": 0,
        "updatedAt": "2014-12-18T03:05:28.141Z",
        "userId": "f9mNr2IlTi"
    },
	{
        "content": "报名呢",
        "createdAt": "2014-12-18T11:54:36.080Z",
        "objectId": "kc1l0Fc1io",
        "type": 0,
        "updatedAt": "2014-12-18T11:54:36.080Z",
        "userId": "MMKaHPQ7z8"
    },
	{
        "content": "咱也报一个！",
        "createdAt": "2014-12-21T12:24:03.389Z",
        "objectId": "zQ0Fg5ZRMJ",
        "type": 0,
        "updatedAt": "2014-12-21T12:24:03.389Z",
        "userId": "8Ra2XTafDP"
    },
	{
        "content": "凑一桌！",
        "createdAt": "2014-12-21T15:05:37.785Z",
        "objectId": "PBhLPpBE2j",
        "type": 0,
        "updatedAt": "2014-12-21T15:05:37.785Z",
        "userId": "AONJQ1m44K"
    },
	{
        "content": "抽一桌！",
        "createdAt": "2014-12-21T15:07:23.735Z",
        "objectId": "ydPaSPcLys",
        "type": 0,
        "updatedAt": "2014-12-21T15:07:23.735Z",
        "userId": "zsDwYkta3M"
    },
	{
        "content": "抽一桌！",
        "createdAt": "2014-12-21T22:47:19.819Z",
        "objectId": "HBkPjJrpcY",
        "type": 0,
        "updatedAt": "2014-12-21T22:47:19.819Z",
        "userId": "8Ra2XTafDP"
    },
	{
        "content": "还缺人不？",
        "createdAt": "2014-12-21T22:56:57.568Z",
        "objectId": "2Bx3qaVDGa",
        "type": 0,
        "updatedAt": "2014-12-21T22:56:57.568Z",
        "userId": "EkEjJ5uWLf"
    },
	{
        "content": "再来一个！",
        "createdAt": "2014-12-21T23:00:27.876Z",
        "objectId": "UxmcpMNN7W",
        "type": 0,
        "updatedAt": "2014-12-21T23:00:27.876Z",
        "userId": "MMKaHPQ7z8"
    },
	{
        "content": "我也来！",
        "createdAt": "2014-12-22T00:44:19.438Z",
        "objectId": "UQ22Tsk871",
        "type": 0,
        "updatedAt": "2014-12-22T00:44:19.438Z",
        "userId": "f9mNr2IlTi"
    },
	{
        "content": "我来！",
        "createdAt": "2014-12-22T00:47:57.585Z",
        "objectId": "HfzsIHlvSA",
        "type": 0,
        "updatedAt": "2014-12-22T00:47:57.585Z",
        "userId": "iijfISd3Oi"
    },
	{
        "content": "人齐了！",
        "createdAt": "2014-12-22T00:51:53.378Z",
        "objectId": "LIhgf2FSsN",
        "type": 0,
        "updatedAt": "2014-12-22T00:51:53.378Z",
        "userId": "rCvq0xXNpP"
    },
	{
        "content": "来迟了！",
        "createdAt": "2014-12-22T00:55:44.828Z",
        "objectId": "NYHf7GfDI3",
        "type": 0,
        "updatedAt": "2014-12-22T00:55:44.828Z",
        "userId": "jkoqY3V4vo"
    },
	{
        "content": "我要来！",
        "createdAt": "2014-12-22T01:20:42.895Z",
        "objectId": "0YPS1iQwRn",
        "type": 0,
        "updatedAt": "2014-12-22T01:20:42.895Z",
        "userId": "6fSPpD7B7w"
    },
	{
        "content": "加一个！",
        "createdAt": "2014-12-22T01:23:47.498Z",
        "objectId": "hUeiP1jtt3",
        "type": 0,
        "updatedAt": "2014-12-22T01:23:47.498Z",
        "userId": "EkEjJ5uWLf"
    },
	{
        "content": "报一个！",
        "createdAt": "2014-12-22T02:09:04.381Z",
        "objectId": "It7FKn2nPL",
        "type": 0,
        "updatedAt": "2014-12-22T02:09:04.381Z",
        "userId": "6fSPpD7B7w"
    },
	{
        "content": "+",
        "createdAt": "2014-12-22T06:55:09.948Z",
        "objectId": "unubT719qs",
        "type": 0,
        "updatedAt": "2014-12-22T06:55:09.948Z",
        "userId": "MMKaHPQ7z8"
    },
	{
        "content": "报名",
        "createdAt": "2014-12-22T12:05:47.492Z",
        "objectId": "pfCGZoknPm",
        "type": 0,
        "updatedAt": "2014-12-22T12:05:47.492Z",
        "userId": "AONJQ1m44K"
    },
	{
        "content": "终于找到组织了！",
        "createdAt": "2014-12-22T13:03:10.650Z",
        "objectId": "hbE9s8XxUS",
        "type": 0,
        "updatedAt": "2014-12-22T13:03:10.650Z",
        "userId": "zsDwYkta3M"
    },
	{
        "content": "算我一个！",
        "createdAt": "2014-12-22T13:13:03.815Z",
        "objectId": "XmgpOAmeiE",
        "type": 0,
        "updatedAt": "2014-12-22T13:13:03.815Z",
        "userId": "f9mNr2IlTi"
    },
	{
        "content": "大帅来也！",
        "createdAt": "2014-12-22T13:34:55.375Z",
        "objectId": "11NkxJ4xYE",
        "type": 0,
        "updatedAt": "2014-12-22T13:34:55.375Z",
        "userId": "8Ra2XTafDP"
    },
	{
        "content": "先走了不好意思",
        "createdAt": "2014-12-22T13:41:15.411Z",
        "objectId": "dRBXiU66uR",
        "type": 1,
        "updatedAt": "2014-12-22T13:41:15.411Z",
        "userId": "6fSPpD7B7w"
    },
	{
        "content": "我家一个",
        "createdAt": "2014-12-22T13:42:07.633Z",
        "objectId": "6nCeP0blQu",
        "type": 0,
        "updatedAt": "2014-12-22T13:42:07.633Z",
        "userId": "iijfISd3Oi"
    },
	{
        "content": "我也报名",
        "createdAt": "2014-12-22T14:02:50.803Z",
        "objectId": "HUZyrB8pzw",
        "type": 0,
        "updatedAt": "2014-12-22T14:02:50.803Z",
        "userId": "rCvq0xXNpP"
    },
	{
        "content": "",
        "createdAt": "2014-12-23T05:39:01.905Z",
        "objectId": "vwuNub1Vca",
        "type": 1,
        "updatedAt": "2014-12-23T05:39:01.905Z",
        "userId": "AONJQ1m44K"
    },
	{
        "content": "",
        "createdAt": "2014-12-23T06:05:15.159Z",
        "objectId": "ImeXcN96fn",
        "type": 0,
        "updatedAt": "2014-12-23T06:05:15.159Z",
        "userId": "AONJQ1m44K"
    },
	{
        "content": "",
        "createdAt": "2014-12-23T06:07:58.540Z",
        "objectId": "9zWL2uPUfu",
        "type": 1,
        "updatedAt": "2014-12-23T06:07:58.540Z",
        "userId": "AONJQ1m44K"
    },
	{
        "content": "",
        "createdAt": "2014-12-23T13:23:01.949Z",
        "objectId": "LsEwWlp9F8",
        "type": 0,
        "updatedAt": "2014-12-23T13:23:01.949Z",
        "userId": "EkEjJ5uWLf"
    },
	{
        "content": "我想报名！",
        "createdAt": "2014-12-23T13:31:22.198Z",
        "objectId": "spDxQQD8Or",
        "type": 0,
        "updatedAt": "2014-12-23T13:31:22.198Z",
        "userId": "EkEjJ5uWLf"
    },
	{
        "content": "",
        "createdAt": "2014-12-23T13:31:30.289Z",
        "objectId": "A9cb9fOp7X",
        "type": 1,
        "updatedAt": "2014-12-23T13:31:30.289Z",
        "userId": "EkEjJ5uWLf"
    },
	{
        "content": "",
        "createdAt": "2014-12-23T15:07:49.532Z",
        "objectId": "ntfJp1DSR5",
        "type": 1,
        "updatedAt": "2014-12-23T15:07:49.532Z",
        "userId": "EkEjJ5uWLf"
    },
	{
        "content": "再报名！",
        "createdAt": "2014-12-23T15:08:05.157Z",
        "objectId": "hZM704AspY",
        "type": 0,
        "updatedAt": "2014-12-23T15:08:05.157Z",
        "userId": "EkEjJ5uWLf"
    },
	{
        "content": "Hello!",
        "createdAt": "2014-12-26T13:53:04.898Z",
        "objectId": "a7AVyFjf5h",
        "type": 0,
        "updatedAt": "2014-12-26T13:53:04.898Z",
        "userId": "f9mNr2IlTi"
    },
	{
        "content": "",
        "createdAt": "2014-12-26T14:00:18.357Z",
        "objectId": "UOgsRxxXBZ",
        "type": 1,
        "updatedAt": "2014-12-26T14:00:18.357Z",
        "userId": "f9mNr2IlTi"
    },
	{
        "content": "",
        "createdAt": "2014-12-26T14:03:45.514Z",
        "objectId": "diG9tCKfi2",
        "type": 0,
        "updatedAt": "2014-12-26T14:03:45.514Z",
        "userId": "f9mNr2IlTi"
    },
	{
        "content": "",
        "createdAt": "2014-12-26T14:07:24.130Z",
        "objectId": "sjPPfIR2b3",
        "type": 1,
        "updatedAt": "2014-12-26T14:07:24.130Z",
        "userId": "f9mNr2IlTi"
    },
	{
        "content": "Hi",
        "createdAt": "2014-12-26T14:08:51.801Z",
        "objectId": "fKp7VzvFEi",
        "type": 0,
        "updatedAt": "2014-12-26T14:08:51.801Z",
        "userId": "f9mNr2IlTi"
    },
	{
        "content": "",
        "createdAt": "2014-12-26T14:16:05.002Z",
        "objectId": "rtB65xGFhe",
        "type": 1,
        "updatedAt": "2014-12-26T14:16:05.002Z",
        "userId": "f9mNr2IlTi"
    },
	{
        "content": "",
        "createdAt": "2014-12-26T14:20:15.641Z",
        "objectId": "h4MbMTdThT",
        "type": 0,
        "updatedAt": "2014-12-26T14:20:15.641Z",
        "userId": "f9mNr2IlTi"
    },
	{
        "content": "",
        "createdAt": "2014-12-28T07:30:20.529Z",
        "objectId": "zN1o1xbAuP",
        "type": 0,
        "updatedAt": "2014-12-28T07:30:20.529Z",
        "userId": "f9mNr2IlTi"
    },
	{
        "content": "",
        "createdAt": "2014-12-28T07:30:53.868Z",
        "objectId": "rTgN9H9sqX",
        "type": 1,
        "updatedAt": "2014-12-28T07:30:53.868Z",
        "userId": "f9mNr2IlTi"
    },
	{
        "content": "",
        "createdAt": "2014-12-28T11:25:19.173Z",
        "objectId": "YHLIhbvu7s",
        "type": 0,
        "updatedAt": "2014-12-28T11:25:19.173Z",
        "userId": "f9mNr2IlTi"
    },
	{
        "content": "",
        "createdAt": "2014-12-30T05:01:02.687Z",
        "objectId": "0ZvpGbJ2gR",
        "type": 0,
        "updatedAt": "2014-12-30T05:01:02.687Z",
        "userId": "iijfISd3Oi"
    },
	{
        "content": "",
        "createdAt": "2014-12-30T05:05:27.179Z",
        "objectId": "qnb408UoWO",
        "type": 0,
        "updatedAt": "2014-12-30T05:05:27.179Z",
        "userId": "rCvq0xXNpP"
    },
	{
        "content": "",
        "createdAt": "2014-12-30T06:06:23.131Z",
        "objectId": "qQJTztx9XE",
        "type": 0,
        "updatedAt": "2014-12-30T06:06:23.131Z",
        "userId": "6fSPpD7B7w"
    },
	{
        "content": "",
        "createdAt": "2014-12-30T06:09:12.855Z",
        "objectId": "rP2MYxcOMk",
        "type": 0,
        "updatedAt": "2014-12-30T06:09:12.855Z",
        "userId": "zsDwYkta3M"
    },
	{
        "content": "",
        "createdAt": "2014-12-30T06:11:43.794Z",
        "objectId": "r9QRTFsfjI",
        "type": 0,
        "updatedAt": "2014-12-30T06:11:43.794Z",
        "userId": "jkoqY3V4vo"
    },
	{
        "content": "",
        "createdAt": "2014-12-30T06:14:32.527Z",
        "objectId": "AFsA8ZI5LN",
        "type": 0,
        "updatedAt": "2014-12-30T06:14:32.527Z",
        "userId": "AONJQ1m44K"
    },
	{
        "content": "",
        "createdAt": "2014-12-30T09:20:08.281Z",
        "objectId": "bpjrps1SzS",
        "type": 0,
        "updatedAt": "2014-12-30T09:20:08.281Z",
        "userId": "iijfISd3Oi"
    },
	{
        "content": "再加一个！",
        "createdAt": "2015-01-01T21:36:25.711Z",
        "objectId": "XXbS1QkM8H",
        "type": 0,
        "updatedAt": "2015-01-01T21:36:25.711Z",
        "userId": "AoapKYqjpd"
    },
	{
        "content": "我也报一个！",
        "createdAt": "2015-01-01T21:39:35.162Z",
        "objectId": "Tv5QMxSyx0",
        "type": 0,
        "updatedAt": "2015-01-01T21:39:35.162Z",
        "userId": "5VHLRi7uQJ"
    },
	{
        "content": "",
        "createdAt": "2015-01-02T13:51:10.603Z",
        "objectId": "ODRYM8dLUL",
        "type": 0,
        "updatedAt": "2015-01-02T13:51:10.603Z",
        "userId": "EkEjJ5uWLf"
    },
	{
        "content": "",
        "createdAt": "2015-01-02T13:55:38.233Z",
        "objectId": "v5JdNMpQMB",
        "type": 1,
        "updatedAt": "2015-01-02T13:55:38.233Z",
        "userId": "EkEjJ5uWLf"
    },
	{
        "content": "",
        "createdAt": "2015-01-02T13:56:16.998Z",
        "objectId": "FXoNBmdbJ2",
        "type": 0,
        "updatedAt": "2015-01-02T13:56:16.998Z",
        "userId": "EkEjJ5uWLf"
    },
	{
        "content": "",
        "createdAt": "2015-01-03T05:35:34.811Z",
        "objectId": "J909mKdeI3",
        "type": 0,
        "updatedAt": "2015-01-03T05:35:34.811Z",
        "userId": "f9mNr2IlTi"
    },
	{
        "content": "",
        "createdAt": "2015-01-03T05:38:55.442Z",
        "objectId": "vnSG8nMTEF",
        "type": 0,
        "updatedAt": "2015-01-03T05:38:55.442Z",
        "userId": "MMKaHPQ7z8"
    },
	{
        "content": "",
        "createdAt": "2015-01-03T11:40:42.182Z",
        "objectId": "ACtkQpxmmZ",
        "type": 0,
        "updatedAt": "2015-01-03T11:40:42.182Z",
        "userId": "AoapKYqjpd"
    },
	{
        "content": "不好意思，那天有事",
        "createdAt": "2015-01-03T12:12:49.300Z",
        "objectId": "aGqOIUbMmp",
        "type": 1,
        "updatedAt": "2015-01-03T12:12:49.300Z",
        "userId": "AoapKYqjpd"
    },
	{
        "content": "",
        "createdAt": "2015-01-03T12:17:59.618Z",
        "objectId": "Ulo6hpbnri",
        "type": 0,
        "updatedAt": "2015-01-03T12:17:59.618Z",
        "userId": "AoapKYqjpd"
    },
	{
        "content": "不好意思，那天真的有事，下次再聚",
        "createdAt": "2015-01-03T12:18:35.187Z",
        "objectId": "6Q0L4bmKZj",
        "type": 1,
        "updatedAt": "2015-01-03T12:18:35.187Z",
        "userId": "AoapKYqjpd"
    },
	{
        "content": "",
        "createdAt": "2015-01-03T12:26:15.902Z",
        "objectId": "CEv5TFYIeT",
        "type": 0,
        "updatedAt": "2015-01-03T12:26:15.902Z",
        "userId": "AoapKYqjpd"
    },
	{
        "content": "不能去！",
        "createdAt": "2015-01-03T12:26:45.270Z",
        "objectId": "Ti1YwVmq3B",
        "type": 1,
        "updatedAt": "2015-01-03T12:26:45.270Z",
        "userId": "AoapKYqjpd"
    },
	{
        "content": "",
        "createdAt": "2015-01-03T12:27:07.540Z",
        "objectId": "uZtbe6M2sX",
        "type": 0,
        "updatedAt": "2015-01-03T12:27:07.540Z",
        "userId": "AoapKYqjpd"
    },
	{
        "content": "",
        "createdAt": "2015-01-03T14:08:06.974Z",
        "objectId": "fozZkSO2uA",
        "type": 0,
        "updatedAt": "2015-01-03T14:08:06.974Z",
        "userId": "AONJQ1m44K"
    },
	{
        "content": "",
        "createdAt": "2015-01-03T14:10:39.991Z",
        "objectId": "69VRlM8nxX",
        "type": 0,
        "updatedAt": "2015-01-03T14:10:39.991Z",
        "userId": "8Ra2XTafDP"
    },
	{
        "content": "",
        "createdAt": "2015-01-03T14:10:49.206Z",
        "objectId": "AuZosTXJMu",
        "type": 0,
        "updatedAt": "2015-01-03T14:10:49.206Z",
        "userId": "8Ra2XTafDP"
    },
	{
        "content": "",
        "createdAt": "2015-01-03T14:12:52.885Z",
        "objectId": "TMfVsHbqrX",
        "type": 0,
        "updatedAt": "2015-01-03T14:12:52.885Z",
        "userId": "5VHLRi7uQJ"
    },
	{
        "content": "",
        "createdAt": "2015-01-03T14:13:10.141Z",
        "objectId": "whwuM2h4Be",
        "type": 0,
        "updatedAt": "2015-01-03T14:13:10.141Z",
        "userId": "5VHLRi7uQJ"
    },
	{
        "content": "",
        "createdAt": "2015-01-03T15:11:30.185Z",
        "objectId": "Q2cSqQjEUi",
        "type": 0,
        "updatedAt": "2015-01-03T15:11:30.185Z",
        "userId": "rCvq0xXNpP"
    },
	{
        "content": "",
        "createdAt": "2015-01-03T15:12:48.121Z",
        "objectId": "4zLojTyv6u",
        "type": 0,
        "updatedAt": "2015-01-03T15:12:48.121Z",
        "userId": "rCvq0xXNpP"
    },
	{
        "content": "",
        "createdAt": "2015-01-03T15:13:08.078Z",
        "objectId": "mLlb2a62xH",
        "type": 0,
        "updatedAt": "2015-01-03T15:13:08.078Z",
        "userId": "rCvq0xXNpP"
    },
	{
        "content": "I wanna join!",
        "createdAt": "2015-01-04T09:57:20.646Z",
        "objectId": "kaJAZBSumU",
        "type": 0,
        "updatedAt": "2015-01-04T09:57:20.646Z",
        "userId": "f9mNr2IlTi"
    },
	{
        "content": "的",
        "createdAt": "2015-01-04T10:07:09.983Z",
        "objectId": "wkFMAIAycV",
        "type": 0,
        "updatedAt": "2015-01-04T10:07:09.983Z",
        "userId": "IepcS7nxqR"
    },
	{
        "content": " ",
        "createdAt": "2015-01-04T10:08:01.948Z",
        "objectId": "U2aNTOWq3O",
        "type": 1,
        "updatedAt": "2015-01-04T10:08:01.948Z",
        "userId": "IepcS7nxqR"
    },
	{
        "content": "的",
        "createdAt": "2015-01-04T10:08:15.436Z",
        "objectId": "3BP6SdQw7k",
        "type": 0,
        "updatedAt": "2015-01-04T10:08:15.436Z",
        "userId": "IepcS7nxqR"
    },
	{
        "content": "近距离",
        "createdAt": "2015-01-04T10:08:27.985Z",
        "objectId": "AlUhfuqegT",
        "type": 1,
        "updatedAt": "2015-01-04T10:08:27.985Z",
        "userId": "IepcS7nxqR"
    },
	{
        "content": "",
        "createdAt": "2015-01-04T10:59:28.317Z",
        "objectId": "MmxGRGXN2a",
        "type": 0,
        "updatedAt": "2015-01-04T10:59:28.317Z",
        "userId": "IepcS7nxqR"
    },
	{
        "content": "",
        "createdAt": "2015-01-04T10:59:35.235Z",
        "objectId": "4YyPXPn0Zp",
        "type": 1,
        "updatedAt": "2015-01-04T10:59:35.235Z",
        "userId": "IepcS7nxqR"
    },
	{
        "content": "",
        "createdAt": "2015-01-04T21:00:44.720Z",
        "objectId": "Yg72XLv1P7",
        "type": 0,
        "updatedAt": "2015-01-04T21:00:44.720Z",
        "userId": "iijfISd3Oi"
    },
	{
        "content": "",
        "createdAt": "2015-01-05T05:53:10.550Z",
        "objectId": "m4dNNmW316",
        "type": 0,
        "updatedAt": "2015-01-05T05:53:10.550Z",
        "userId": "iijfISd3Oi"
    },
	{
        "content": "",
        "createdAt": "2015-01-05T05:53:29.109Z",
        "objectId": "8SwGQ2BGOV",
        "type": 0,
        "updatedAt": "2015-01-05T05:53:29.109Z",
        "userId": "iijfISd3Oi"
    },
	{
        "content": "",
        "createdAt": "2015-01-05T05:53:57.082Z",
        "objectId": "qj2qmA1Srv",
        "type": 0,
        "updatedAt": "2015-01-05T05:53:57.082Z",
        "userId": "iijfISd3Oi"
    },
	{
        "content": "",
        "createdAt": "2015-01-05T05:54:09.392Z",
        "objectId": "mQ9Vi5UtEj",
        "type": 0,
        "updatedAt": "2015-01-05T05:54:09.392Z",
        "userId": "iijfISd3Oi"
    },
	{
        "content": "",
        "createdAt": "2015-01-05T13:17:17.505Z",
        "objectId": "7cWDql88Hj",
        "type": 1,
        "updatedAt": "2015-01-05T13:17:17.505Z",
        "userId": "iijfISd3Oi"
    },
	{
        "content": "",
        "createdAt": "2015-01-05T13:17:26.540Z",
        "objectId": "p7V7zsWt72",
        "type": 0,
        "updatedAt": "2015-01-05T13:17:26.540Z",
        "userId": "iijfISd3Oi"
    },
	{
        "content": "",
        "createdAt": "2015-01-05T13:27:56.164Z",
        "objectId": "iPTTp82fw3",
        "type": 1,
        "updatedAt": "2015-01-05T13:27:56.164Z",
        "userId": "iijfISd3Oi"
    },
	{
        "content": "",
        "createdAt": "2015-01-05T13:28:28.847Z",
        "objectId": "oQCwVpxA5X",
        "type": 1,
        "updatedAt": "2015-01-05T13:28:28.847Z",
        "userId": "f9mNr2IlTi"
    },
	{
        "content": "",
        "createdAt": "2015-01-05T13:28:49.908Z",
        "objectId": "zaFHiMOqaO",
        "type": 0,
        "updatedAt": "2015-01-05T13:28:49.908Z",
        "userId": "f9mNr2IlTi"
    },
	{
        "content": "",
        "createdAt": "2015-01-05T13:29:02.738Z",
        "objectId": "t9DkIUYizt",
        "type": 1,
        "updatedAt": "2015-01-05T13:29:02.738Z",
        "userId": "f9mNr2IlTi"
    },
	{
        "content": "",
        "createdAt": "2015-01-05T13:29:32.763Z",
        "objectId": "8IuRLHyaLz",
        "type": 0,
        "updatedAt": "2015-01-05T13:29:32.763Z",
        "userId": "f9mNr2IlTi"
    },
	{
        "content": "",
        "createdAt": "2015-01-05T13:45:32.085Z",
        "objectId": "UolT4roTHF",
        "type": 0,
        "updatedAt": "2015-01-05T13:45:32.085Z",
        "userId": "f9mNr2IlTi"
    },
	{
        "content": "",
        "createdAt": "2015-01-05T14:01:48.748Z",
        "objectId": "xs79hZjtG8",
        "type": 1,
        "updatedAt": "2015-01-05T14:01:48.748Z",
        "userId": "iijfISd3Oi"
    },
	{
        "content": "",
        "createdAt": "2015-01-05T14:02:07.714Z",
        "objectId": "Fpd4eBE6QZ",
        "type": 0,
        "updatedAt": "2015-01-05T14:02:07.714Z",
        "userId": "iijfISd3Oi"
    },
	{
        "content": "",
        "createdAt": "2015-01-05T14:02:21.311Z",
        "objectId": "uqc8px8tKt",
        "type": 1,
        "updatedAt": "2015-01-05T14:02:21.311Z",
        "userId": "iijfISd3Oi"
    },
	{
        "content": "",
        "createdAt": "2015-01-05T14:04:12.586Z",
        "objectId": "g35F9pOQgB",
        "type": 0,
        "updatedAt": "2015-01-05T14:04:12.586Z",
        "userId": "iijfISd3Oi"
    },
	{
        "content": "",
        "createdAt": "2015-01-05T15:07:47.039Z",
        "objectId": "5kJMDJtQG0",
        "type": 1,
        "updatedAt": "2015-01-05T15:07:47.039Z",
        "userId": "f9mNr2IlTi"
    },
	{
        "content": "",
        "createdAt": "2015-01-05T15:07:53.497Z",
        "objectId": "dbDi0oy1Gz",
        "type": 0,
        "updatedAt": "2015-01-05T15:07:53.497Z",
        "userId": "f9mNr2IlTi"
    },
	{
        "content": "",
        "createdAt": "2015-01-05T15:08:05.857Z",
        "objectId": "78zmUgWPyc",
        "type": 1,
        "updatedAt": "2015-01-05T15:08:05.857Z",
        "userId": "f9mNr2IlTi"
    },
	{
        "content": "",
        "createdAt": "2015-01-06T05:29:00.939Z",
        "objectId": "uhdpnQHezk",
        "type": 0,
        "updatedAt": "2015-01-06T05:29:00.939Z",
        "userId": "zsDwYkta3M"
    },
	{
        "content": "",
        "createdAt": "2015-01-06T05:35:42.564Z",
        "objectId": "KORhuoYXO2",
        "type": 0,
        "updatedAt": "2015-01-06T05:35:42.564Z",
        "userId": "zsDwYkta3M"
    },
	{
        "content": "",
        "createdAt": "2015-01-06T05:36:08.497Z",
        "objectId": "YFVB3Jr7A1",
        "type": 0,
        "updatedAt": "2015-01-06T05:36:08.497Z",
        "userId": "zsDwYkta3M"
    },
	{
        "content": "",
        "createdAt": "2015-01-06T07:04:00.318Z",
        "objectId": "LKHqvQVSRb",
        "type": 0,
        "updatedAt": "2015-01-06T07:04:00.318Z",
        "userId": "iijfISd3Oi"
    },
	{
        "content": "",
        "createdAt": "2015-01-06T11:33:37.507Z",
        "objectId": "U7uaduEUHI",
        "type": 0,
        "updatedAt": "2015-01-06T11:33:37.507Z",
        "userId": "iijfISd3Oi"
    },
	{
        "content": "",
        "createdAt": "2015-01-06T12:41:09.857Z",
        "objectId": "TLuHIuvNlG",
        "type": 0,
        "updatedAt": "2015-01-06T12:41:09.857Z",
        "userId": "EkEjJ5uWLf"
    },
	{
        "content": "",
        "createdAt": "2015-01-06T13:31:08.479Z",
        "objectId": "R75ayUJPPg",
        "type": 0,
        "updatedAt": "2015-01-06T13:31:08.479Z",
        "userId": "3oRu7Cw7dR"
    },
	{
        "content": "",
        "createdAt": "2015-01-06T13:33:08.200Z",
        "objectId": "5m2svduie8",
        "type": 0,
        "updatedAt": "2015-01-06T13:33:08.200Z",
        "userId": "3oRu7Cw7dR"
    },
	{
        "content": "",
        "createdAt": "2015-01-06T21:06:10.709Z",
        "objectId": "posBsIVSqw",
        "type": 0,
        "updatedAt": "2015-01-06T21:06:10.709Z",
        "userId": "5VHLRi7uQJ"
    },
	{
        "content": "",
        "createdAt": "2015-01-06T21:06:29.415Z",
        "objectId": "7laARJawGb",
        "type": 0,
        "updatedAt": "2015-01-06T21:06:29.415Z",
        "userId": "5VHLRi7uQJ"
    },
	{
        "content": "",
        "createdAt": "2015-01-06T21:09:56.013Z",
        "objectId": "lg5xTxu9h3",
        "type": 0,
        "updatedAt": "2015-01-06T21:09:56.013Z",
        "userId": "5VHLRi7uQJ"
    },
	{
        "content": "",
        "createdAt": "2015-01-06T21:10:03.952Z",
        "objectId": "tDxy2OGV92",
        "type": 0,
        "updatedAt": "2015-01-06T21:10:03.952Z",
        "userId": "5VHLRi7uQJ"
    },
	{
        "content": "",
        "createdAt": "2015-01-06T21:14:10.495Z",
        "objectId": "VpwArTYfgV",
        "type": 0,
        "updatedAt": "2015-01-06T21:14:10.495Z",
        "userId": "AoapKYqjpd"
    },
	{
        "content": "",
        "createdAt": "2015-01-06T21:14:29.814Z",
        "objectId": "COceLYSXTa",
        "type": 0,
        "updatedAt": "2015-01-06T21:14:29.814Z",
        "userId": "AoapKYqjpd"
    },
	{
        "content": "",
        "createdAt": "2015-01-07T04:33:59.433Z",
        "objectId": "j163nzsekZ",
        "type": 0,
        "updatedAt": "2015-01-07T04:33:59.433Z",
        "userId": "iijfISd3Oi"
    },
	{
        "content": "",
        "createdAt": "2015-01-07T04:34:17.765Z",
        "objectId": "JZN57Kgu8H",
        "type": 0,
        "updatedAt": "2015-01-07T04:34:17.765Z",
        "userId": "iijfISd3Oi"
    },
	{
        "content": "报名！",
        "createdAt": "2015-01-08T13:45:52.829Z",
        "objectId": "KpxF3L8LPr",
        "type": 0,
        "updatedAt": "2015-01-08T13:45:52.829Z",
        "userId": "m9xEJ5fCOJ"
    },
	{
        "content": "",
        "createdAt": "2015-01-12T14:33:51.153Z",
        "objectId": "KeGnVr8odh",
        "type": 0,
        "updatedAt": "2015-01-12T14:33:51.153Z",
        "userId": "iijfISd3Oi"
    },
	{
        "content": "",
        "createdAt": "2015-01-12T14:34:00.185Z",
        "objectId": "MDaCxUTwR7",
        "type": 0,
        "updatedAt": "2015-01-12T14:34:00.185Z",
        "userId": "iijfISd3Oi"
    },
	{
        "content": "",
        "createdAt": "2015-01-15T13:55:01.528Z",
        "objectId": "Jmxl363Vsw",
        "type": 0,
        "updatedAt": "2015-01-15T13:55:01.528Z",
        "userId": "jkoqY3V4vo"
    }
] }