{ "results": [
	{
        "createdAt": "2014-10-13T06:07:46.474Z",
        "objectId": "nEBn1io9W4",
        "parentId": "F6SKy2734l",
        "updatedAt": "2014-10-13T06:07:46.474Z",
        "userId": "AONJQ1m44K"
    },
	{
        "createdAt": "2014-10-13T06:13:20.085Z",
        "objectId": "CXLWORsmeN",
        "parentId": "F6SKy2734l",
        "updatedAt": "2014-10-13T06:13:20.085Z",
        "userId": "AONJQ1m44K"
    },
	{
        "createdAt": "2014-10-13T06:14:58.866Z",
        "objectId": "6MUO323YHo",
        "parentId": "F6SKy2734l",
        "updatedAt": "2014-10-13T06:14:58.866Z",
        "userId": "AONJQ1m44K"
    },
	{
        "createdAt": "2014-10-13T06:16:09.850Z",
        "objectId": "uVsSggNh8t",
        "parentId": "F6SKy2734l",
        "updatedAt": "2014-10-13T06:16:09.850Z",
        "userId": "AONJQ1m44K"
    },
	{
        "createdAt": "2014-10-13T06:40:28.312Z",
        "objectId": "YRBkWm7xyT",
        "parentId": "F6SKy2734l",
        "updatedAt": "2014-10-13T06:40:28.312Z",
        "userId": "AONJQ1m44K"
    },
	{
        "createdAt": "2014-10-13T06:40:44.181Z",
        "objectId": "B7ibbI8AnP",
        "parentId": "F6SKy2734l",
        "updatedAt": "2014-10-13T06:40:44.181Z",
        "userId": "AONJQ1m44K"
    },
	{
        "createdAt": "2014-10-13T06:41:09.228Z",
        "objectId": "lbaCZ2jt4U",
        "parentId": "F6SKy2734l",
        "updatedAt": "2014-10-13T06:41:09.228Z",
        "userId": "AONJQ1m44K"
    },
	{
        "createdAt": "2014-10-13T06:41:49.713Z",
        "objectId": "m5RvfOV4pI",
        "parentId": "XbkAFuQgj2",
        "updatedAt": "2014-10-13T06:41:49.713Z",
        "userId": "AONJQ1m44K"
    },
	{
        "createdAt": "2014-10-13T06:43:50.586Z",
        "objectId": "GMRSAr7h7g",
        "parentId": "F6SKy2734l",
        "updatedAt": "2014-10-13T06:43:50.586Z",
        "userId": "AONJQ1m44K"
    },
	{
        "createdAt": "2014-10-13T21:18:50.389Z",
        "objectId": "4dq6MeHETF",
        "parentId": "F6SKy2734l",
        "updatedAt": "2014-10-13T21:18:50.389Z",
        "userId": "AONJQ1m44K"
    },
	{
        "content": "回复@dooney：说的不对！",
        "createdAt": "2014-10-20T06:15:52.926Z",
        "objectId": "yZlkXLxhRL",
        "parentId": "0OTcwGZphT",
        "updatedAt": "2014-10-20T06:15:52.926Z",
        "userId": "AONJQ1m44K"
    },
	{
        "content": "回复@sd：说的又对又不对",
        "createdAt": "2014-10-20T06:27:56.638Z",
        "objectId": "F9NDut3pdV",
        "parentId": "0OTcwGZphT",
        "updatedAt": "2014-10-20T06:27:56.638Z",
        "userId": "AONJQ1m44K"
    },
	{
        "content": "不错！",
        "createdAt": "2014-10-20T06:31:18.009Z",
        "objectId": "TupHwDwiFx",
        "parentId": "qPSPqBCWPJ",
        "updatedAt": "2014-10-20T06:31:18.009Z",
        "userId": "AONJQ1m44K"
    },
	{
        "content": "不对",
        "createdAt": "2014-10-20T06:31:28.267Z",
        "objectId": "vAZurdyEXL",
        "parentId": "qPSPqBCWPJ",
        "updatedAt": "2014-10-20T06:31:28.267Z",
        "userId": "AONJQ1m44K"
    },
	{
        "content": "回复@sd：😓",
        "createdAt": "2014-10-20T06:31:42.880Z",
        "objectId": "T2zwIhu9DL",
        "parentId": "qPSPqBCWPJ",
        "updatedAt": "2014-10-20T06:31:42.880Z",
        "userId": "AONJQ1m44K"
    },
	{
        "content": "回复@sd：不错哦",
        "createdAt": "2014-10-20T14:01:06.054Z",
        "objectId": "N69yAyQG4K",
        "parentId": "qPSPqBCWPJ",
        "repliedId": "T2zwIhu9DL",
        "updatedAt": "2014-10-20T14:01:06.054Z",
        "userId": "EkEjJ5uWLf"
    },
	{
        "content": "自己的",
        "createdAt": "2014-10-20T14:08:52.423Z",
        "objectId": "TYYDFFeI8R",
        "parentId": "W8OLgj2ByH",
        "updatedAt": "2014-10-20T14:08:52.423Z",
        "userId": "AONJQ1m44K"
    },
	{
        "content": "回复@dooney：那是！",
        "createdAt": "2014-10-20T14:09:14.717Z",
        "objectId": "2NrjGU89fS",
        "parentId": "qPSPqBCWPJ",
        "repliedId": "N69yAyQG4K",
        "updatedAt": "2014-10-20T14:09:14.717Z",
        "userId": "AONJQ1m44K"
    },
	{
        "content": "好",
        "createdAt": "2014-10-21T06:10:37.503Z",
        "objectId": "xnMoKgY0xM",
        "parentId": "F6SKy2734l",
        "updatedAt": "2014-10-21T06:10:37.503Z",
        "userId": "AONJQ1m44K"
    },
	{
        "content": "矮油",
        "createdAt": "2014-10-21T11:25:45.206Z",
        "objectId": "XbmV9LUzsS",
        "parentId": "W8OLgj2ByH",
        "updatedAt": "2014-10-21T11:25:45.206Z",
        "userId": "AONJQ1m44K"
    },
	{
        "content": "不过呢",
        "createdAt": "2014-10-21T14:05:06.951Z",
        "objectId": "DWkoCtsPBK",
        "parentId": "F6SKy2734l",
        "updatedAt": "2014-10-21T14:05:06.951Z",
        "userId": "AONJQ1m44K"
    },
	{
        "content": "回复@sd：咋么了",
        "createdAt": "2014-10-21T14:05:58.446Z",
        "objectId": "yFNnPQwZXA",
        "parentId": "F6SKy2734l",
        "repliedId": "DWkoCtsPBK",
        "updatedAt": "2014-10-21T14:05:58.446Z",
        "userId": "EkEjJ5uWLf"
    },
	{
        "content": "回复@sd：卡萨帝儿啊去咯去咯去咯去咯去咯去咯是去咯去咯破老婆是咯婆婆啊是咯热气老婆老婆婆啊骚婆app那婆婆啊PK老婆婆热啊怕怕热pad",
        "createdAt": "2014-10-22T02:58:57.428Z",
        "objectId": "RN7XS3eq5y",
        "parentId": "W8OLgj2ByH",
        "repliedId": "XbmV9LUzsS",
        "updatedAt": "2014-10-22T02:58:57.428Z",
        "userId": "AONJQ1m44K"
    },
	{
        "content": "回复@sd：不错的",
        "createdAt": "2014-10-22T10:35:10.993Z",
        "objectId": "2IEu127KPi",
        "parentId": "W8OLgj2ByH",
        "repliedId": "XbmV9LUzsS",
        "updatedAt": "2014-10-22T10:35:10.993Z",
        "userId": "AONJQ1m44K"
    },
	{
        "content": "说的对！",
        "createdAt": "2014-10-20T06:15:17.535Z",
        "deletedAt": "2014-10-22T13:31:32.970Z",
        "objectId": "pIe5TNS3sx",
        "parentId": "0OTcwGZphT",
        "updatedAt": "2014-10-22T13:31:33.556Z",
        "userId": "EkEjJ5uWLf"
    },
	{
        "createdAt": "2014-10-19T09:39:01.115Z",
        "deletedAt": "2014-10-22T21:47:20.653Z",
        "objectId": "UIguOYF4Ht",
        "parentId": "0OTcwGZphT",
        "updatedAt": "2014-10-22T21:47:20.859Z",
        "userId": "AONJQ1m44K"
    },
	{
        "content": "回复@sd：还是不对",
        "createdAt": "2014-10-22T21:47:39.371Z",
        "objectId": "J9rp83DHnq",
        "parentId": "0OTcwGZphT",
        "repliedId": "yZlkXLxhRL",
        "updatedAt": "2014-10-22T21:47:39.371Z",
        "userId": "AONJQ1m44K"
    },
	{
        "content": "大家都来给猪狗庆生啊！",
        "createdAt": "2014-10-26T21:55:17.869Z",
        "objectId": "I5e5lkFZko",
        "parentId": "QdHB8RRqR4",
        "updatedAt": "2014-10-26T21:55:17.869Z",
        "userId": "AONJQ1m44K"
    },
	{
        "content": "回复@猪狗妈妈：哈哈，宝妈到时候见！",
        "createdAt": "2014-10-26T21:56:43.912Z",
        "objectId": "BJB4vRKUpK",
        "parentId": "QdHB8RRqR4",
        "repliedId": "I5e5lkFZko",
        "updatedAt": "2014-10-26T21:56:43.912Z",
        "userId": "EkEjJ5uWLf"
    },
	{
        "createdAt": "2014-10-13T06:47:27.528Z",
        "deletedAt": "2014-10-27T21:08:08.711Z",
        "objectId": "chI9D2UGdI",
        "parentId": "XbkAFuQgj2",
        "updatedAt": "2014-10-27T21:08:09.383Z",
        "userId": "EkEjJ5uWLf"
    },
	{
        "content": "猪狗生日快乐！！！👍👍👍",
        "createdAt": "2014-10-28T12:27:45.622Z",
        "objectId": "BEDOzJa0OA",
        "parentId": "QdHB8RRqR4",
        "updatedAt": "2014-10-28T12:27:45.622Z",
        "userId": "EkEjJ5uWLf"
    },
	{
        "content": "回复@Marley爸爸：感谢！",
        "createdAt": "2014-10-28T13:32:32.094Z",
        "objectId": "WkdGRgkwDA",
        "parentId": "QdHB8RRqR4",
        "repliedId": "BEDOzJa0OA",
        "updatedAt": "2014-10-28T13:32:32.094Z",
        "userId": "EkEjJ5uWLf"
    },
	{
        "content": "回复@猪狗妈妈：我来啦！",
        "createdAt": "2014-10-28T13:32:44.864Z",
        "objectId": "u77jzbKYda",
        "parentId": "QdHB8RRqR4",
        "repliedId": "I5e5lkFZko",
        "updatedAt": "2014-10-28T13:32:44.864Z",
        "userId": "EkEjJ5uWLf"
    },
	{
        "content": "回复@Marley爸爸：谢谢！！！",
        "createdAt": "2014-10-28T13:33:57.596Z",
        "objectId": "B0zJcf9TFd",
        "parentId": "QdHB8RRqR4",
        "repliedId": "BEDOzJa0OA",
        "updatedAt": "2014-10-28T13:33:57.596Z",
        "userId": "AONJQ1m44K"
    },
	{
        "content": "回复@Marley爸爸：哈哈，欢迎欢迎！",
        "createdAt": "2014-10-28T13:34:35.590Z",
        "objectId": "4Og6t1f95r",
        "parentId": "QdHB8RRqR4",
        "repliedId": "u77jzbKYda",
        "updatedAt": "2014-10-28T13:34:35.590Z",
        "userId": "AONJQ1m44K"
    },
	{
        "content": "猪狗昨晚一夜没睡",
        "createdAt": "2014-10-28T22:57:12.018Z",
        "objectId": "60GhTdqM6F",
        "parentId": "QdHB8RRqR4",
        "updatedAt": "2014-10-28T22:57:12.018Z",
        "userId": "AONJQ1m44K"
    },
	{
        "content": "回复@Marley爸爸：猪狗昨晚啃了一晚上骨头😁😁😁",
        "createdAt": "2014-10-28T22:57:46.982Z",
        "objectId": "y4gvOgB8PA",
        "parentId": "QdHB8RRqR4",
        "repliedId": "BEDOzJa0OA",
        "updatedAt": "2014-10-28T22:57:46.982Z",
        "userId": "AONJQ1m44K"
    },
	{
        "content": "我也好困有木有！",
        "createdAt": "2014-10-30T14:00:02.011Z",
        "objectId": "6lWPf2xnD7",
        "parentId": "BJvuD52BzS",
        "updatedAt": "2014-10-30T14:00:02.011Z",
        "userId": "EkEjJ5uWLf"
    },
	{
        "content": "回复@Marley爸爸：超困的！！！",
        "createdAt": "2014-10-31T02:40:21.498Z",
        "objectId": "sN4eBMJtC5",
        "parentId": "BJvuD52BzS",
        "repliedId": "6lWPf2xnD7",
        "updatedAt": "2014-10-31T02:40:21.498Z",
        "userId": "EkEjJ5uWLf"
    },
	{
        "content": "我是沙发！",
        "createdAt": "2014-10-31T02:49:02.676Z",
        "objectId": "9mfswfXdsS",
        "parentId": "iRGgXDHG2f",
        "updatedAt": "2014-10-31T02:49:02.676Z",
        "userId": "AONJQ1m44K"
    },
	{
        "content": "我是沙发！",
        "createdAt": "2014-11-12T02:03:50.926Z",
        "objectId": "6O3fn6YvMS",
        "parentId": "rrOMUx3j4L",
        "updatedAt": "2014-11-12T02:03:50.926Z",
        "userId": "AONJQ1m44K"
    },
	{
        "content": "期待！！！",
        "createdAt": "2014-11-14T03:58:18.818Z",
        "objectId": "lV7Z9Pip5g",
        "parentId": "dr7wEzz2lX",
        "updatedAt": "2014-11-14T03:58:18.818Z",
        "userId": "EkEjJ5uWLf"
    },
	{
        "content": "回复@猪狗妈妈：太有爱了！",
        "createdAt": "2014-10-31T02:44:03.742Z",
        "objectId": "KSCHSiK8XX",
        "parentId": "QdHB8RRqR4",
        "repliedId": "y4gvOgB8PA",
        "updatedAt": "2014-10-31T02:44:03.742Z",
        "userId": "AONJQ1m44K"
    },
	{
        "content": "回复@Marley爸爸：咖啡加红牛！",
        "createdAt": "2014-10-31T02:44:40.692Z",
        "objectId": "odkXlQjR1x",
        "parentId": "BJvuD52BzS",
        "repliedId": "sN4eBMJtC5",
        "updatedAt": "2014-10-31T02:44:40.692Z",
        "userId": "AONJQ1m44K"
    },
	{
        "content": "回复@Marley爸爸：我也困！",
        "createdAt": "2014-10-31T02:46:38.849Z",
        "objectId": "riJCnfeWDH",
        "parentId": "BJvuD52BzS",
        "repliedId": "6lWPf2xnD7",
        "updatedAt": "2014-10-31T02:46:38.849Z",
        "userId": "AONJQ1m44K"
    },
	{
        "content": "回复@Marley爸爸：特别困！",
        "createdAt": "2014-10-31T02:47:22.298Z",
        "objectId": "SLGbtaPRny",
        "parentId": "BJvuD52BzS",
        "repliedId": "6lWPf2xnD7",
        "updatedAt": "2014-10-31T02:47:22.298Z",
        "userId": "AONJQ1m44K"
    },
	{
        "content": "祝你生日快乐！😜😜😜",
        "createdAt": "2014-10-31T06:43:18.655Z",
        "objectId": "g5oWI19Npf",
        "parentId": "4BXjxdQ1MY",
        "updatedAt": "2014-10-31T06:43:18.655Z",
        "userId": "AONJQ1m44K"
    },
	{
        "content": "回复@猪狗妈妈：我爱猪狗哈哈！",
        "createdAt": "2014-11-13T23:49:50.670Z",
        "objectId": "5NEXtM2Z5r",
        "parentId": "QdHB8RRqR4",
        "repliedId": "KSCHSiK8XX",
        "updatedAt": "2014-11-13T23:49:50.670Z",
        "userId": "AONJQ1m44K"
    },
	{
        "content": "回复@猪狗妈妈：太困啦！",
        "createdAt": "2014-11-14T00:29:38.199Z",
        "objectId": "Hblxd97eQd",
        "parentId": "BJvuD52BzS",
        "repliedId": "SLGbtaPRny",
        "updatedAt": "2014-11-14T00:29:38.199Z",
        "userId": "EkEjJ5uWLf"
    },
	{
        "content": "不错哦！",
        "createdAt": "2014-11-14T04:29:44.642Z",
        "objectId": "Vr1Pnv3l9P",
        "parentId": "Ywof9iiksY",
        "updatedAt": "2014-11-14T04:29:44.642Z",
        "userId": "EkEjJ5uWLf"
    },
	{
        "content": "回复@Marley爸爸：真的很不错！",
        "createdAt": "2014-11-14T04:42:12.618Z",
        "objectId": "WZ4w4oDF9r",
        "parentId": "dr7wEzz2lX",
        "repliedId": "lV7Z9Pip5g",
        "updatedAt": "2014-11-14T04:42:12.618Z",
        "userId": "AONJQ1m44K"
    },
	{
        "content": "回复@Marley爸爸：吼吼",
        "createdAt": "2014-11-14T05:09:41.208Z",
        "objectId": "EHTcoEeqK1",
        "parentId": "dr7wEzz2lX",
        "repliedId": "lV7Z9Pip5g",
        "updatedAt": "2014-11-14T05:09:41.208Z",
        "userId": "EkEjJ5uWLf"
    },
	{
        "content": "我也是！",
        "createdAt": "2014-11-14T05:37:33.279Z",
        "objectId": "L9UlhbUfyr",
        "parentId": "rrOMUx3j4L",
        "updatedAt": "2014-11-14T05:37:33.279Z",
        "userId": "AONJQ1m44K"
    },
	{
        "content": "矮油",
        "createdAt": "2014-11-14T06:03:56.303Z",
        "objectId": "VOdgxycvvG",
        "parentId": "Ywof9iiksY",
        "updatedAt": "2014-11-14T06:03:56.303Z",
        "userId": "EkEjJ5uWLf"
    },
	{
        "content": "很好",
        "createdAt": "2014-11-14T06:08:15.919Z",
        "objectId": "cmEw8HsGNF",
        "parentId": "rrOMUx3j4L",
        "updatedAt": "2014-11-14T06:08:15.919Z",
        "userId": "AONJQ1m44K"
    },
	{
        "content": "嗷嗷",
        "createdAt": "2014-11-14T07:15:06.875Z",
        "objectId": "2ndBKsuFQP",
        "parentId": "Yl7U83SQkt",
        "updatedAt": "2014-11-14T07:15:06.875Z",
        "userId": "AONJQ1m44K"
    },
	{
        "content": "回复@猪狗妈妈：逛街开心！",
        "createdAt": "2014-11-14T23:55:59.303Z",
        "objectId": "uXpZ63kk2V",
        "parentId": "dr7wEzz2lX",
        "repliedId": "VtzAhWJswn",
        "updatedAt": "2014-11-14T23:55:59.303Z",
        "userId": "EkEjJ5uWLf"
    },
	{
        "content": "嗷呜！",
        "createdAt": "2014-11-15T13:50:59.518Z",
        "objectId": "bWAUHsYgSJ",
        "parentId": "PlK3v6XoAR",
        "updatedAt": "2014-11-15T13:50:59.518Z",
        "userId": "AONJQ1m44K"
    },
	{
        "content": "回复@Marley爸爸：就是这个！",
        "createdAt": "2014-11-15T14:05:40.334Z",
        "objectId": "sCI30Hd3Ta",
        "parentId": "dr7wEzz2lX",
        "repliedId": "uXpZ63kk2V",
        "updatedAt": "2014-11-15T14:05:40.334Z",
        "userId": "AONJQ1m44K"
    },
	{
        "content": "回复@猪狗妈妈：喝咖啡！",
        "createdAt": "2014-11-16T02:56:55.341Z",
        "objectId": "yZG1iiGv9l",
        "parentId": "PlK3v6XoAR",
        "repliedId": "bWAUHsYgSJ",
        "updatedAt": "2014-11-16T02:56:55.341Z",
        "userId": "AONJQ1m44K"
    },
	{
        "content": "真好！！！",
        "createdAt": "2014-11-16T03:07:42.433Z",
        "objectId": "BaiBLNHh1X",
        "parentId": "Ywof9iiksY",
        "updatedAt": "2014-11-16T03:07:42.433Z",
        "userId": "EkEjJ5uWLf"
    },
	{
        "content": "修好啦！",
        "createdAt": "2014-11-16T04:36:36.933Z",
        "objectId": "MAy5tJFzmn",
        "parentId": "Ywof9iiksY",
        "updatedAt": "2014-11-16T04:36:36.933Z",
        "userId": "EkEjJ5uWLf"
    },
	{
        "content": "跳出来",
        "createdAt": "2014-11-16T10:33:29.492Z",
        "objectId": "34DwYkTFf6",
        "parentId": "v93ObfybtS",
        "updatedAt": "2014-11-16T10:33:29.492Z",
        "userId": "AONJQ1m44K"
    },
	{
        "content": "小苹果",
        "createdAt": "2014-11-16T12:14:23.301Z",
        "objectId": "FYktAEjFsC",
        "parentId": "J9Z9Oj1Di3",
        "updatedAt": "2014-11-16T12:14:23.301Z",
        "userId": "AONJQ1m44K"
    },
	{
        "content": "傻大爷！",
        "createdAt": "2014-11-16T12:18:20.290Z",
        "objectId": "EktH4JLgyW",
        "parentId": "BiQ7GZsf2g",
        "updatedAt": "2014-11-16T12:18:20.290Z",
        "userId": "EkEjJ5uWLf"
    },
	{
        "content": "小米粥",
        "createdAt": "2014-11-16T12:27:03.666Z",
        "objectId": "r0FSy2FtNO",
        "parentId": "499nbMXyEQ",
        "updatedAt": "2014-11-16T12:27:03.666Z",
        "userId": "AONJQ1m44K"
    },
	{
        "content": "啥都没有",
        "createdAt": "2014-11-16T12:45:09.751Z",
        "objectId": "cjauoFt1WV",
        "parentId": "dmwjCiq0Uz",
        "updatedAt": "2014-11-16T12:45:09.751Z",
        "userId": "EkEjJ5uWLf"
    },
	{
        "content": "就是支持你！",
        "createdAt": "2014-11-16T13:00:22.543Z",
        "objectId": "LkNucyuCGI",
        "parentId": "KAhp1r71i8",
        "updatedAt": "2014-11-16T13:00:22.543Z",
        "userId": "AONJQ1m44K"
    },
	{
        "content": "回复@Marley爸爸：不是！",
        "createdAt": "2014-11-16T13:04:13.905Z",
        "objectId": "dI61M3bIrW",
        "parentId": "BiQ7GZsf2g",
        "repliedId": "EktH4JLgyW",
        "updatedAt": "2014-11-16T13:04:13.905Z",
        "userId": "EkEjJ5uWLf"
    },
	{
        "content": "红牛",
        "createdAt": "2014-11-16T13:04:31.208Z",
        "objectId": "nSlJ68irGK",
        "parentId": "tJ3q443uqt",
        "updatedAt": "2014-11-16T13:04:31.208Z",
        "userId": "EkEjJ5uWLf"
    },
	{
        "content": "白马路",
        "createdAt": "2014-11-16T13:15:49.234Z",
        "objectId": "1QfaqdbTbB",
        "parentId": "J9Z9Oj1Di3",
        "updatedAt": "2014-11-16T13:15:49.234Z",
        "userId": "AONJQ1m44K"
    },
	{
        "content": "博士山",
        "createdAt": "2014-11-16T13:16:01.470Z",
        "objectId": "fcX6cIZk5k",
        "parentId": "499nbMXyEQ",
        "updatedAt": "2014-11-16T13:16:01.470Z",
        "userId": "AONJQ1m44K"
    },
	{
        "content": "有希望！",
        "createdAt": "2014-11-16T13:19:56.484Z",
        "objectId": "gtUgMBCNbd",
        "parentId": "2uvo6fIU0w",
        "updatedAt": "2014-11-16T13:19:56.484Z",
        "userId": "EkEjJ5uWLf"
    },
	{
        "content": "在火车上等车",
        "createdAt": "2014-11-16T21:09:55.728Z",
        "objectId": "Klh0uvorqr",
        "parentId": "rN0DDYgO0o",
        "updatedAt": "2014-11-16T21:09:55.728Z",
        "userId": "AONJQ1m44K"
    },
	{
        "content": "你好！",
        "createdAt": "2014-11-17T13:06:24.109Z",
        "objectId": "bvjFxjw7Yz",
        "parentId": "95Y1wTk1eC",
        "updatedAt": "2014-11-17T13:06:24.109Z",
        "userId": "AONJQ1m44K"
    },
	{
        "content": "能收到不？",
        "createdAt": "2014-11-17T13:30:50.838Z",
        "objectId": "ZZSsK1ufN7",
        "parentId": "rrOMUx3j4L",
        "updatedAt": "2014-11-17T13:30:50.838Z",
        "userId": "AONJQ1m44K"
    },
	{
        "content": "Can you receive it?",
        "createdAt": "2014-11-17T13:32:52.397Z",
        "objectId": "BcjetSVOu1",
        "parentId": "Ywof9iiksY",
        "updatedAt": "2014-11-17T13:32:52.397Z",
        "userId": "EkEjJ5uWLf"
    },
	{
        "content": "回复@Marley爸爸：收不到呃",
        "createdAt": "2014-11-17T13:33:35.562Z",
        "objectId": "bcRAPzDCst",
        "parentId": "Ywof9iiksY",
        "repliedId": "BcjetSVOu1",
        "updatedAt": "2014-11-17T13:33:35.562Z",
        "userId": "AONJQ1m44K"
    },
	{
        "content": "回复@猪狗妈妈：Why?",
        "createdAt": "2014-11-18T12:48:36.571Z",
        "objectId": "6OgdS3gMLg",
        "parentId": "Ywof9iiksY",
        "repliedId": "bcRAPzDCst",
        "updatedAt": "2014-11-18T12:48:36.571Z",
        "userId": "EkEjJ5uWLf"
    },
	{
        "content": "回复@Marley爸爸：不知道，就是收不到",
        "createdAt": "2014-11-18T12:49:36.831Z",
        "objectId": "MxJDgLwwQ4",
        "parentId": "Ywof9iiksY",
        "repliedId": "6OgdS3gMLg",
        "updatedAt": "2014-11-18T12:49:36.831Z",
        "userId": "AONJQ1m44K"
    },
	{
        "content": "回复@猪狗妈妈：Try again?",
        "createdAt": "2014-11-18T13:19:27.258Z",
        "objectId": "6T9miLHcga",
        "parentId": "Ywof9iiksY",
        "repliedId": "MxJDgLwwQ4",
        "updatedAt": "2014-11-18T13:19:27.258Z",
        "userId": "EkEjJ5uWLf"
    },
	{
        "content": "回复@Marley爸爸：现在好啦！哈哈！",
        "createdAt": "2014-11-18T13:21:00.585Z",
        "objectId": "UhlHHoj66H",
        "parentId": "Ywof9iiksY",
        "repliedId": "6T9miLHcga",
        "updatedAt": "2014-11-18T13:21:00.585Z",
        "userId": "AONJQ1m44K"
    },
	{
        "content": "回复@猪狗妈妈：What?",
        "createdAt": "2014-11-18T13:50:53.525Z",
        "objectId": "6AkAxmfVa8",
        "parentId": "dr7wEzz2lX",
        "repliedId": "sCI30Hd3Ta",
        "updatedAt": "2014-11-18T13:50:53.525Z",
        "userId": "EkEjJ5uWLf"
    },
	{
        "content": "回复@Marley爸爸：这个地方啊，我是常客，哈哈！",
        "createdAt": "2014-11-18T13:51:53.285Z",
        "objectId": "OSKpBkHOIG",
        "parentId": "dr7wEzz2lX",
        "repliedId": "6AkAxmfVa8",
        "updatedAt": "2014-11-18T13:51:53.285Z",
        "userId": "AONJQ1m44K"
    },
	{
        "content": "Really?",
        "createdAt": "2014-11-18T14:18:59.817Z",
        "objectId": "k8I6wJtWJb",
        "parentId": "dmwjCiq0Uz",
        "updatedAt": "2014-11-18T14:18:59.817Z",
        "userId": "EkEjJ5uWLf"
    },
	{
        "content": "What's the time now?",
        "createdAt": "2014-11-18T14:26:04.423Z",
        "objectId": "paGNiWIJoR",
        "parentId": "dmwjCiq0Uz",
        "updatedAt": "2014-11-18T14:26:04.423Z",
        "userId": "EkEjJ5uWLf"
    },
	{
        "content": "1:26AM",
        "createdAt": "2014-11-18T14:26:56.792Z",
        "objectId": "zjcFtsMZ9Y",
        "parentId": "dmwjCiq0Uz",
        "updatedAt": "2014-11-18T14:26:56.792Z",
        "userId": "EkEjJ5uWLf"
    },
	{
        "content": "Going sleep",
        "createdAt": "2014-11-18T14:30:39.839Z",
        "objectId": "pr6GRDbiP9",
        "parentId": "dmwjCiq0Uz",
        "updatedAt": "2014-11-18T14:30:39.839Z",
        "userId": "EkEjJ5uWLf"
    },
	{
        "content": "Now!",
        "createdAt": "2014-11-18T14:44:20.664Z",
        "objectId": "m7mtN068ga",
        "parentId": "dmwjCiq0Uz",
        "updatedAt": "2014-11-18T14:44:20.664Z",
        "userId": "EkEjJ5uWLf"
    },
	{
        "content": "大家都来看电影！！",
        "createdAt": "2014-11-19T00:35:33.494Z",
        "objectId": "DMvBvHtgWp",
        "parentId": "NBrvtdW2Re",
        "updatedAt": "2014-11-19T00:35:33.494Z",
        "userId": "AONJQ1m44K"
    },
	{
        "content": "嘿嘿",
        "createdAt": "2014-11-14T06:00:31.728Z",
        "deletedAt": "2014-11-19T00:37:13.232Z",
        "objectId": "VtzAhWJswn",
        "parentId": "dr7wEzz2lX",
        "updatedAt": "2014-11-19T00:37:12.753Z",
        "userId": "AONJQ1m44K"
    },
	{
        "content": "回复@Marley爸爸：谢谢哈！",
        "createdAt": "2014-11-19T00:37:55.843Z",
        "objectId": "mgiHcQgieo",
        "parentId": "dr7wEzz2lX",
        "repliedId": "uXpZ63kk2V",
        "updatedAt": "2014-11-19T00:37:55.843Z",
        "userId": "AONJQ1m44K"
    },
	{
        "content": "哈哈哈",
        "createdAt": "2014-11-26T21:57:54.538Z",
        "objectId": "356hSsDunc",
        "parentId": "enRKzWde1n",
        "updatedAt": "2014-11-26T21:57:54.538Z",
        "userId": "AONJQ1m44K"
    },
	{
        "content": "回复@Marley爸爸：好开心！",
        "createdAt": "2014-11-15T11:06:46.928Z",
        "deletedAt": "2014-11-28T04:31:48.905Z",
        "objectId": "v6fXIBOT00",
        "parentId": "dr7wEzz2lX",
        "repliedId": "uXpZ63kk2V",
        "updatedAt": "2014-11-28T04:31:49.098Z",
        "userId": "AONJQ1m44K"
    },
	{
        "content": "太棒了！",
        "createdAt": "2014-11-28T04:32:21.297Z",
        "deletedAt": "2014-11-28T05:11:40.025Z",
        "objectId": "wGtiKPpegw",
        "parentId": "VhxSUABtzN",
        "updatedAt": "2014-11-28T05:11:40.201Z",
        "userId": "AONJQ1m44K"
    },
	{
        "content": "测试",
        "createdAt": "2014-11-28T05:12:48.448Z",
        "deletedAt": "2014-11-28T05:12:58.402Z",
        "objectId": "OAPgE43GIz",
        "parentId": "VhxSUABtzN",
        "updatedAt": "2014-11-28T05:12:58.569Z",
        "userId": "AONJQ1m44K"
    },
	{
        "content": "测试",
        "createdAt": "2014-11-28T05:17:48.909Z",
        "deletedAt": "2014-11-28T05:17:55.371Z",
        "objectId": "BIt6XEyUvc",
        "parentId": "VhxSUABtzN",
        "updatedAt": "2014-11-28T05:17:55.547Z",
        "userId": "AONJQ1m44K"
    },
	{
        "content": "测试！",
        "createdAt": "2014-11-28T05:19:07.721Z",
        "deletedAt": "2014-11-28T05:19:11.103Z",
        "objectId": "ayAJ76LBO9",
        "parentId": "VhxSUABtzN",
        "updatedAt": "2014-11-28T05:19:11.292Z",
        "userId": "AONJQ1m44K"
    },
	{
        "content": "碰到鬼",
        "createdAt": "2014-11-28T05:25:57.716Z",
        "objectId": "xlG0fW944b",
        "parentId": "VhxSUABtzN",
        "updatedAt": "2014-11-28T05:25:57.716Z",
        "userId": "AONJQ1m44K"
    },
	{
        "content": "哈哈！",
        "createdAt": "2014-11-14T06:10:52.249Z",
        "deletedAt": "2014-11-28T05:34:00.496Z",
        "objectId": "dtnaUxhQvz",
        "parentId": "Ywof9iiksY",
        "updatedAt": "2014-11-28T05:34:00.681Z",
        "userId": "EkEjJ5uWLf"
    },
	{
        "content": "回复@Marley爸爸：都很好",
        "createdAt": "2014-11-28T07:03:30.469Z",
        "objectId": "SkslPirqZ6",
        "parentId": "Ywof9iiksY",
        "repliedId": "6OgdS3gMLg",
        "updatedAt": "2014-11-28T07:03:30.469Z",
        "userId": "AONJQ1m44K"
    },
	{
        "content": "沙发罗！",
        "createdAt": "2014-12-03T14:40:56.033Z",
        "objectId": "NDj6epjSIf",
        "parentId": "fpbWbV1le5",
        "updatedAt": "2014-12-03T14:40:56.033Z",
        "userId": "AONJQ1m44K"
    },
	{
        "content": "回复@猪狗妈妈：怎么了？",
        "createdAt": "2014-12-03T14:41:37.067Z",
        "objectId": "Kskk1LEPri",
        "parentId": "VhxSUABtzN",
        "repliedId": "xlG0fW944b",
        "updatedAt": "2014-12-03T14:41:37.067Z",
        "userId": "AONJQ1m44K"
    },
	{
        "content": "回复@猪狗妈妈：很困！",
        "createdAt": "2014-12-03T14:43:45.708Z",
        "objectId": "ZObVpo2oTv",
        "parentId": "fpbWbV1le5",
        "repliedId": "NDj6epjSIf",
        "updatedAt": "2014-12-03T14:43:45.708Z",
        "userId": "AONJQ1m44K"
    },
	{
        "content": "回复@猪狗妈妈：那还不赶紧睡？",
        "createdAt": "2014-12-03T14:45:15.081Z",
        "objectId": "6YFFdxR3VN",
        "parentId": "fpbWbV1le5",
        "repliedId": "ZObVpo2oTv",
        "updatedAt": "2014-12-03T14:45:15.081Z",
        "userId": "AONJQ1m44K"
    },
	{
        "content": "回复@猪狗妈妈：这就睡",
        "createdAt": "2014-12-03T14:45:42.356Z",
        "objectId": "4hWAzn8VD9",
        "parentId": "fpbWbV1le5",
        "repliedId": "6YFFdxR3VN",
        "updatedAt": "2014-12-03T14:45:42.356Z",
        "userId": "AONJQ1m44K"
    },
	{
        "content": "回复@猪狗妈妈：晚安！",
        "createdAt": "2014-12-03T14:46:25.624Z",
        "objectId": "FtDjdCyUi6",
        "parentId": "fpbWbV1le5",
        "repliedId": "4hWAzn8VD9",
        "updatedAt": "2014-12-03T14:46:25.624Z",
        "userId": "AONJQ1m44K"
    },
	{
        "content": "回复@猪狗妈妈：在？",
        "createdAt": "2014-12-05T07:57:29.014Z",
        "objectId": "bq09830ZI8",
        "parentId": "fpbWbV1le5",
        "repliedId": "FtDjdCyUi6",
        "updatedAt": "2014-12-05T07:57:29.014Z",
        "userId": "EkEjJ5uWLf"
    },
	{
        "content": "回复@Marley爸爸：在的",
        "createdAt": "2014-12-05T14:36:29.146Z",
        "objectId": "UKkqEowUzv",
        "parentId": "fpbWbV1le5",
        "repliedId": "bq09830ZI8",
        "updatedAt": "2014-12-05T14:36:29.146Z",
        "userId": "EkEjJ5uWLf"
    },
	{
        "content": "回复@Marley爸爸：哈哈",
        "createdAt": "2014-12-12T00:07:24.605Z",
        "objectId": "DrktlCp5Bs",
        "parentId": "fpbWbV1le5",
        "repliedId": "UKkqEowUzv",
        "updatedAt": "2014-12-12T00:07:24.605Z",
        "userId": "jkoqY3V4vo"
    },
	{
        "content": "不错哦！",
        "createdAt": "2014-12-12T00:07:55.323Z",
        "objectId": "mOyNQSa46A",
        "parentId": "vM467DRtEO",
        "updatedAt": "2014-12-12T00:07:55.323Z",
        "userId": "jkoqY3V4vo"
    },
	{
        "content": "Good!",
        "createdAt": "2014-12-18T12:37:14.321Z",
        "objectId": "c4Jf5yrRm1",
        "parentId": "1tTWBd1vVN",
        "updatedAt": "2014-12-18T12:37:14.321Z",
        "userId": "MMKaHPQ7z8"
    },
	{
        "content": "回复@Marley爸爸：很开心！",
        "createdAt": "2014-12-23T04:40:47.237Z",
        "objectId": "apUKJJ7XG3",
        "parentId": "dr7wEzz2lX",
        "repliedId": "uXpZ63kk2V",
        "updatedAt": "2014-12-23T04:40:47.237Z",
        "userId": "AONJQ1m44K"
    },
	{
        "content": "回复@猪狗妈妈：提头来见",
        "createdAt": "2014-12-23T04:54:45.925Z",
        "objectId": "W6SLza20lK",
        "parentId": "fpbWbV1le5",
        "repliedId": "ZObVpo2oTv",
        "updatedAt": "2014-12-23T04:54:45.925Z",
        "userId": "AONJQ1m44K"
    },
	{
        "content": "",
        "createdAt": "2014-12-23T06:16:27.417Z",
        "deletedAt": "2014-12-23T06:16:31.684Z",
        "objectId": "oR1mLkPYlC",
        "parentId": "Ywof9iiksY",
        "updatedAt": "2014-12-23T06:16:32.402Z",
        "userId": "AONJQ1m44K"
    },
	{
        "content": "",
        "createdAt": "2014-12-23T06:16:26.616Z",
        "deletedAt": "2014-12-23T06:16:34.505Z",
        "objectId": "MfWbNVexeS",
        "parentId": "Ywof9iiksY",
        "updatedAt": "2014-12-23T06:16:35.220Z",
        "userId": "AONJQ1m44K"
    },
	{
        "content": "",
        "createdAt": "2014-12-23T06:16:24.359Z",
        "deletedAt": "2014-12-23T06:16:46.515Z",
        "objectId": "r1pPNOwz81",
        "parentId": "Ywof9iiksY",
        "updatedAt": "2014-12-23T06:16:48.484Z",
        "userId": "AONJQ1m44K"
    },
	{
        "content": "",
        "createdAt": "2014-12-23T06:16:25.667Z",
        "deletedAt": "2014-12-23T06:16:50.486Z",
        "objectId": "pUdMMoN8th",
        "parentId": "Ywof9iiksY",
        "updatedAt": "2014-12-23T06:16:51.317Z",
        "userId": "AONJQ1m44K"
    },
	{
        "content": "",
        "createdAt": "2014-12-23T07:10:53.565Z",
        "deletedAt": "2014-12-23T07:10:59.131Z",
        "objectId": "3S0LFIj2mt",
        "parentId": "zSUObqEKBO",
        "updatedAt": "2014-12-23T07:11:00.676Z",
        "userId": "AONJQ1m44K"
    },
	{
        "content": "沙发！",
        "createdAt": "2014-12-23T13:34:54.573Z",
        "objectId": "PyiFeCyBXq",
        "parentId": "ujlwMPHeth",
        "updatedAt": "2014-12-23T13:34:54.573Z",
        "userId": "EkEjJ5uWLf"
    },
	{
        "content": "沙发！",
        "createdAt": "2014-12-23T13:40:23.951Z",
        "objectId": "fGEIaMDvJJ",
        "parentId": "zSUObqEKBO",
        "updatedAt": "2014-12-23T13:40:23.951Z",
        "userId": "EkEjJ5uWLf"
    },
	{
        "content": "沙发！",
        "createdAt": "2014-12-23T15:04:26.228Z",
        "objectId": "6salpyFuse",
        "parentId": "kzj0qmH19X",
        "updatedAt": "2014-12-23T15:04:26.228Z",
        "userId": "EkEjJ5uWLf"
    },
	{
        "content": "回复@Marley爸爸：很好！",
        "createdAt": "2014-12-23T15:04:43.596Z",
        "objectId": "6lN2raj6A3",
        "parentId": "kzj0qmH19X",
        "repliedId": "6salpyFuse",
        "updatedAt": "2014-12-23T15:04:43.596Z",
        "userId": "EkEjJ5uWLf"
    },
	{
        "content": "沙发！",
        "createdAt": "2014-12-23T15:04:59.741Z",
        "objectId": "Ceq1N4s9ZP",
        "parentId": "ymlWdLGR53",
        "updatedAt": "2014-12-23T15:04:59.741Z",
        "userId": "EkEjJ5uWLf"
    },
	{
        "content": "回复@淫枪小霸王：都不睡啊！",
        "createdAt": "2014-12-23T15:05:23.239Z",
        "objectId": "eEm1uxXg6E",
        "parentId": "fpbWbV1le5",
        "repliedId": "DrktlCp5Bs",
        "updatedAt": "2014-12-23T15:05:23.239Z",
        "userId": "EkEjJ5uWLf"
    },
	{
        "content": "回复@淫枪小霸王：好久不见，最近怎么样啊",
        "createdAt": "2014-12-23T15:12:15.714Z",
        "objectId": "4b7Lxx1lWn",
        "parentId": "fpbWbV1le5",
        "repliedId": "DrktlCp5Bs",
        "updatedAt": "2014-12-23T15:12:15.714Z",
        "userId": "EkEjJ5uWLf"
    },
	{
        "content": "不错哦",
        "createdAt": "2014-12-26T13:56:30.708Z",
        "objectId": "w03UP8SsDS",
        "parentId": "48qyUSZlrB",
        "updatedAt": "2014-12-26T13:56:30.708Z",
        "userId": "iijfISd3Oi"
    },
	{
        "content": "hello",
        "createdAt": "2014-12-28T08:06:31.220Z",
        "objectId": "l3TLTsyrlB",
        "parentId": "LFcB8WxE0U",
        "updatedAt": "2014-12-28T08:06:31.220Z",
        "userId": "f9mNr2IlTi"
    },
	{
        "content": "回复@杜煜: 你好",
        "createdAt": "2014-12-28T08:07:25.417Z",
        "objectId": "eVPouKmTnK",
        "parentId": "LFcB8WxE0U",
        "repliedId": "l3TLTsyrlB",
        "updatedAt": "2014-12-28T08:07:25.417Z",
        "userId": "iijfISd3Oi"
    },
	{
        "content": "回复@杨星: Hi",
        "createdAt": "2014-12-28T11:20:06.117Z",
        "objectId": "EklBiy2Ydg",
        "parentId": "LFcB8WxE0U",
        "repliedId": "eVPouKmTnK",
        "updatedAt": "2014-12-28T11:20:06.117Z",
        "userId": "f9mNr2IlTi"
    },
	{
        "content": "回复@杨星: there?",
        "createdAt": "2014-12-28T11:21:17.262Z",
        "objectId": "DYUBjfaGS8",
        "parentId": "LFcB8WxE0U",
        "repliedId": "eVPouKmTnK",
        "updatedAt": "2014-12-28T11:21:17.262Z",
        "userId": "f9mNr2IlTi"
    },
	{
        "content": "回复@杨星: there?",
        "createdAt": "2014-12-28T11:22:09.832Z",
        "objectId": "bIJcmSHvAN",
        "parentId": "LFcB8WxE0U",
        "repliedId": "eVPouKmTnK",
        "updatedAt": "2014-12-28T11:22:09.832Z",
        "userId": "f9mNr2IlTi"
    },
	{
        "content": "回复@杜煜: 在的",
        "createdAt": "2014-12-28T11:24:43.750Z",
        "objectId": "wOmTDKVlAO",
        "parentId": "LFcB8WxE0U",
        "repliedId": "bIJcmSHvAN",
        "updatedAt": "2014-12-28T11:24:43.750Z",
        "userId": "iijfISd3Oi"
    },
	{
        "content": "Hi",
        "createdAt": "2014-12-29T12:19:47.798Z",
        "objectId": "KznUMbduQE",
        "parentId": "NO17vURcDj",
        "updatedAt": "2014-12-29T12:19:47.798Z",
        "userId": "iijfISd3Oi"
    },
	{
        "content": "回复@杨星: 你好！",
        "createdAt": "2014-12-29T12:20:05.812Z",
        "objectId": "RBwbJjdRF2",
        "parentId": "NO17vURcDj",
        "repliedId": "KznUMbduQE",
        "updatedAt": "2014-12-29T12:20:05.812Z",
        "userId": "EkEjJ5uWLf"
    },
	{
        "content": "Hello!",
        "createdAt": "2014-12-29T12:18:24.420Z",
        "deletedAt": "2014-12-29T12:20:10.685Z",
        "objectId": "SUJMOyKoFv",
        "parentId": "NO17vURcDj",
        "updatedAt": "2014-12-29T12:20:10.655Z",
        "userId": "iijfISd3Oi"
    },
	{
        "content": "回复@Marley爸爸: 不错哦",
        "createdAt": "2015-01-01T21:42:07.933Z",
        "objectId": "2xjGqywbqh",
        "parentId": "kzj0qmH19X",
        "repliedId": "6salpyFuse",
        "updatedAt": "2015-01-01T21:42:07.933Z",
        "userId": "5VHLRi7uQJ"
    },
	{
        "content": "沙发！",
        "createdAt": "2015-01-03T13:20:32.696Z",
        "objectId": "mJXb4BdHmO",
        "parentId": "hJTJHWp1t7",
        "updatedAt": "2015-01-03T13:20:32.696Z",
        "userId": "EkEjJ5uWLf"
    },
	{
        "content": "沙发耶！",
        "createdAt": "2015-01-03T13:54:20.203Z",
        "objectId": "KZWtt5lc7j",
        "parentId": "0TsC966PKf",
        "updatedAt": "2015-01-03T13:54:20.203Z",
        "userId": "EkEjJ5uWLf"
    },
	{
        "content": "沙发哈哈！",
        "createdAt": "2015-01-03T13:56:12.990Z",
        "objectId": "AVFlzL5wNc",
        "parentId": "KDI2VgyFoT",
        "updatedAt": "2015-01-03T13:56:12.990Z",
        "userId": "EkEjJ5uWLf"
    },
	{
        "content": "我要沙发！",
        "createdAt": "2015-01-03T13:58:14.434Z",
        "objectId": "bJMZGrpqSq",
        "parentId": "On0elE63oI",
        "updatedAt": "2015-01-03T13:58:14.434Z",
        "userId": "EkEjJ5uWLf"
    },
	{
        "content": "沙发耶！",
        "createdAt": "2015-01-04T12:46:52.128Z",
        "objectId": "oGNCk1dcW5",
        "parentId": "nyLS9V6IYC",
        "updatedAt": "2015-01-04T12:46:52.128Z",
        "userId": "IepcS7nxqR"
    },
	{
        "content": "沙发！",
        "createdAt": "2015-01-06T05:28:13.325Z",
        "objectId": "kiscp68Ijd",
        "parentId": "Cc6OQjgJVd",
        "updatedAt": "2015-01-06T05:28:13.325Z",
        "userId": "zsDwYkta3M"
    },
	{
        "content": "板凳？",
        "createdAt": "2015-01-06T05:28:55.026Z",
        "objectId": "LL57dlThFA",
        "parentId": "nyLS9V6IYC",
        "updatedAt": "2015-01-06T05:28:55.026Z",
        "userId": "zsDwYkta3M"
    },
	{
        "content": "回复@梅西: 不错哦",
        "createdAt": "2015-01-06T13:20:29.454Z",
        "objectId": "awbTV6XIdv",
        "parentId": "Cc6OQjgJVd",
        "repliedId": "kiscp68Ijd",
        "updatedAt": "2015-01-06T13:20:29.454Z",
        "userId": "EkEjJ5uWLf"
    },
	{
        "content": "板凳！",
        "createdAt": "2015-01-06T13:33:26.810Z",
        "objectId": "GuvVeW65jd",
        "parentId": "0TsC966PKf",
        "updatedAt": "2015-01-06T13:33:26.810Z",
        "userId": "3oRu7Cw7dR"
    },
	{
        "content": "回复@Marley爸爸: 也是哦",
        "createdAt": "2015-01-06T13:33:38.736Z",
        "objectId": "RgCvYsEnAW",
        "parentId": "0TsC966PKf",
        "repliedId": "KZWtt5lc7j",
        "updatedAt": "2015-01-06T13:33:38.736Z",
        "userId": "3oRu7Cw7dR"
    },
	{
        "content": "回复@晶晶: 什么意思？",
        "createdAt": "2015-01-06T21:03:15.296Z",
        "objectId": "J4JD1WnsRM",
        "parentId": "Q3MON0XFHT",
        "repliedId": "MCIVHcqvvt",
        "updatedAt": "2015-01-06T21:03:15.296Z",
        "userId": "3oRu7Cw7dR"
    },
	{
        "content": "回复@梅西: 板凳！",
        "createdAt": "2015-01-06T21:05:45.488Z",
        "objectId": "PWcTrBFsip",
        "parentId": "Cc6OQjgJVd",
        "repliedId": "kiscp68Ijd",
        "updatedAt": "2015-01-06T21:05:45.488Z",
        "userId": "5VHLRi7uQJ"
    },
	{
        "content": "怎么不能参加了？",
        "createdAt": "2015-01-06T21:15:09.651Z",
        "objectId": "F8sCMzmT1N",
        "parentId": "hJTJHWp1t7",
        "updatedAt": "2015-01-06T21:15:09.651Z",
        "userId": "AoapKYqjpd"
    },
	{
        "content": "咯了快乐哦",
        "createdAt": "2015-01-04T09:59:02.791Z",
        "likes": [
            "AoapKYqjpd"
        ],
        "objectId": "MCIVHcqvvt",
        "parentId": "Q3MON0XFHT",
        "updatedAt": "2015-01-07T02:37:30.899Z",
        "userId": "IepcS7nxqR"
    },
	{
        "content": "好",
        "createdAt": "2015-01-06T05:36:02.955Z",
        "likes": [
            "AoapKYqjpd"
        ],
        "objectId": "0HEODvgqY2",
        "parentId": "Q3MON0XFHT",
        "updatedAt": "2015-01-07T02:37:34.763Z",
        "userId": "zsDwYkta3M"
    },
	{
        "content": "回复@晶晶: 不错哦",
        "createdAt": "2015-01-06T06:28:54.167Z",
        "likes": [
            "AoapKYqjpd",
            "VaKVrTvxvd"
        ],
        "objectId": "YV2oNFdakv",
        "parentId": "Q3MON0XFHT",
        "repliedId": "MCIVHcqvvt",
        "updatedAt": "2015-01-07T07:03:09.561Z",
        "userId": "VaKVrTvxvd"
    },
	{
        "content": "好",
        "createdAt": "2015-01-06T07:01:09.032Z",
        "likes": [
            "osXUBNFDgf",
            "m9xEJ5fCOJ"
        ],
        "objectId": "VlLtSdhIjy",
        "parentId": "ohXHsqQnRR",
        "updatedAt": "2015-01-08T13:59:48.074Z",
        "userId": "VaKVrTvxvd"
    },
	{
        "content": "Hello",
        "createdAt": "2015-01-07T11:31:12.093Z",
        "likes": [
            "VaKVrTvxvd"
        ],
        "objectId": "y0jMQqz1Ta",
        "parentId": "54lQkY4vsr",
        "updatedAt": "2015-01-07T11:31:17.261Z",
        "userId": "osXUBNFDgf"
    },
	{
        "content": "回复@Ned: 确实不错",
        "createdAt": "2015-01-08T13:59:42.449Z",
        "likes": [],
        "objectId": "rY8aXGKVhm",
        "parentId": "ohXHsqQnRR",
        "repliedId": "VlLtSdhIjy",
        "updatedAt": "2015-01-08T13:59:42.449Z",
        "userId": "m9xEJ5fCOJ"
    },
	{
        "content": "哈",
        "createdAt": "2015-01-08T21:11:06.268Z",
        "likes": [],
        "objectId": "luu3sj55wo",
        "parentId": "54lQkY4vsr",
        "updatedAt": "2015-01-08T21:11:06.268Z",
        "userId": "m9xEJ5fCOJ"
    },
	{
        "content": "Hello",
        "createdAt": "2015-01-15T12:10:02.632Z",
        "likes": [],
        "objectId": "E8ak38uNml",
        "parentId": "sK55Knfvnz",
        "updatedAt": "2015-01-15T12:10:02.632Z",
        "userId": "jkoqY3V4vo"
    },
	{
        "content": "回复@梅西: Yup",
        "createdAt": "2015-01-15T12:23:05.090Z",
        "likes": [],
        "objectId": "hhyGQpAwEm",
        "parentId": "Cc6OQjgJVd",
        "repliedId": "kiscp68Ijd",
        "updatedAt": "2015-01-15T12:23:05.090Z",
        "userId": "jkoqY3V4vo"
    },
	{
        "content": "No",
        "createdAt": "2015-01-15T12:23:58.582Z",
        "likes": [],
        "objectId": "pOY2zsLjnN",
        "parentId": "sK55Knfvnz",
        "updatedAt": "2015-01-15T12:23:58.582Z",
        "userId": "jkoqY3V4vo"
    },
	{
        "content": "Ho",
        "createdAt": "2015-01-15T12:26:30.853Z",
        "likes": [],
        "objectId": "RIavbbt5uW",
        "parentId": "sK55Knfvnz",
        "updatedAt": "2015-01-15T12:26:30.853Z",
        "userId": "jkoqY3V4vo"
    },
	{
        "content": "Wo",
        "createdAt": "2015-01-15T12:28:31.543Z",
        "likes": [],
        "objectId": "1WBX8ns4Fk",
        "parentId": "sK55Knfvnz",
        "updatedAt": "2015-01-15T12:28:31.543Z",
        "userId": "jkoqY3V4vo"
    },
	{
        "content": "Hi",
        "createdAt": "2015-01-15T12:29:22.078Z",
        "likes": [],
        "objectId": "mHeY9zGAYA",
        "parentId": "sK55Knfvnz",
        "updatedAt": "2015-01-15T12:29:22.078Z",
        "userId": "jkoqY3V4vo"
    },
	{
        "content": "Yeah",
        "createdAt": "2015-01-15T12:31:32.240Z",
        "likes": [],
        "objectId": "UeAdrQxFoa",
        "parentId": "sK55Knfvnz",
        "updatedAt": "2015-01-15T12:31:32.240Z",
        "userId": "jkoqY3V4vo"
    },
	{
        "content": "He",
        "createdAt": "2015-01-15T12:32:04.423Z",
        "likes": [],
        "objectId": "u26ol7UPLS",
        "parentId": "sK55Knfvnz",
        "updatedAt": "2015-01-15T12:32:04.423Z",
        "userId": "jkoqY3V4vo"
    },
	{
        "content": "Hi",
        "createdAt": "2015-01-15T12:33:32.462Z",
        "likes": [],
        "objectId": "Clz0TtPxt1",
        "parentId": "sK55Knfvnz",
        "updatedAt": "2015-01-15T12:33:32.462Z",
        "userId": "jkoqY3V4vo"
    },
	{
        "content": "Go!",
        "createdAt": "2015-01-15T13:14:10.723Z",
        "likes": [],
        "objectId": "m311WETLsT",
        "parentId": "sK55Knfvnz",
        "updatedAt": "2015-01-15T13:14:10.723Z",
        "userId": "jkoqY3V4vo"
    },
	{
        "content": "wo?",
        "createdAt": "2015-01-15T13:14:32.482Z",
        "likes": [],
        "objectId": "Xu4HGWlXBE",
        "parentId": "Cc6OQjgJVd",
        "updatedAt": "2015-01-15T13:14:32.482Z",
        "userId": "jkoqY3V4vo"
    },
	{
        "content": "No!",
        "createdAt": "2015-01-15T13:15:30.053Z",
        "likes": [],
        "objectId": "fZIegKTiVk",
        "parentId": "0TsC966PKf",
        "updatedAt": "2015-01-15T13:15:30.053Z",
        "userId": "jkoqY3V4vo"
    },
	{
        "content": "Yes!",
        "createdAt": "2015-01-15T13:21:04.051Z",
        "likes": [],
        "objectId": "OsadQ6oBLN",
        "parentId": "0TsC966PKf",
        "updatedAt": "2015-01-15T13:21:04.051Z",
        "userId": "jkoqY3V4vo"
    },
	{
        "content": "Yes again!",
        "createdAt": "2015-01-15T13:21:29.324Z",
        "likes": [],
        "objectId": "3urUAMdSKa",
        "parentId": "0TsC966PKf",
        "updatedAt": "2015-01-15T13:21:29.324Z",
        "userId": "jkoqY3V4vo"
    },
	{
        "content": "woo",
        "createdAt": "2015-01-15T13:28:04.523Z",
        "likes": [],
        "objectId": "0CNKJsadJ3",
        "parentId": "0TsC966PKf",
        "updatedAt": "2015-01-15T13:28:04.523Z",
        "userId": "jkoqY3V4vo"
    },
	{
        "content": "get rid of",
        "createdAt": "2015-01-15T13:28:22.222Z",
        "likes": [],
        "objectId": "Ik7duGspH3",
        "parentId": "0TsC966PKf",
        "updatedAt": "2015-01-15T13:28:22.222Z",
        "userId": "jkoqY3V4vo"
    },
	{
        "content": "just now",
        "createdAt": "2015-01-15T13:30:50.429Z",
        "likes": [],
        "objectId": "gSsTWBthG8",
        "parentId": "0TsC966PKf",
        "updatedAt": "2015-01-15T13:30:50.429Z",
        "userId": "jkoqY3V4vo"
    },
	{
        "content": "right now",
        "createdAt": "2015-01-15T13:34:55.806Z",
        "likes": [],
        "objectId": "CQ9giLpPA9",
        "parentId": "0TsC966PKf",
        "updatedAt": "2015-01-15T13:34:55.806Z",
        "userId": "jkoqY3V4vo"
    },
	{
        "content": "how",
        "createdAt": "2015-01-15T13:38:08.344Z",
        "likes": [],
        "objectId": "ZTbaZGA2vd",
        "parentId": "0TsC966PKf",
        "updatedAt": "2015-01-15T13:38:08.344Z",
        "userId": "jkoqY3V4vo"
    },
	{
        "content": "aha",
        "createdAt": "2015-01-15T13:41:26.980Z",
        "likes": [],
        "objectId": "ZbhhQ13hSO",
        "parentId": "0TsC966PKf",
        "updatedAt": "2015-01-15T13:41:26.980Z",
        "userId": "jkoqY3V4vo"
    },
	{
        "content": "hey jude",
        "createdAt": "2015-01-15T13:47:44.031Z",
        "likes": [],
        "objectId": "OtOFNcgIFj",
        "parentId": "0TsC966PKf",
        "updatedAt": "2015-01-15T13:47:44.031Z",
        "userId": "jkoqY3V4vo"
    },
	{
        "content": "no dramas",
        "createdAt": "2015-01-15T13:49:13.114Z",
        "likes": [],
        "objectId": "tcNYTJQIEJ",
        "parentId": "0TsC966PKf",
        "updatedAt": "2015-01-15T13:49:13.114Z",
        "userId": "jkoqY3V4vo"
    },
	{
        "content": "Rocks!",
        "createdAt": "2015-01-16T13:31:14.086Z",
        "likes": [],
        "objectId": "BV6MNPvjvB",
        "parentId": "sK55Knfvnz",
        "updatedAt": "2015-01-16T13:31:14.086Z",
        "userId": "jkoqY3V4vo"
    },
	{
        "content": "Queen",
        "createdAt": "2015-01-16T13:31:47.774Z",
        "likes": [],
        "objectId": "tDIbOXWLkG",
        "parentId": "sK55Knfvnz",
        "updatedAt": "2015-01-16T13:31:47.774Z",
        "userId": "jkoqY3V4vo"
    },
	{
        "content": "King",
        "createdAt": "2015-01-16T13:34:27.749Z",
        "likes": [],
        "objectId": "HZVOCKUAht",
        "parentId": "sK55Knfvnz",
        "updatedAt": "2015-01-16T13:34:27.749Z",
        "userId": "jkoqY3V4vo"
    }
] }