{ "results": [
	{
        "createdAt": "2014-12-30T23:31:39.926Z",
        "details": "垃圾营销",
        "entityId": "NO17vURcDj",
        "entityType": "聚会",
        "objectId": "Elg26rHr4w",
        "type": "垃圾营销",
        "updatedAt": "2014-12-30T23:31:39.926Z"
    },
	{
        "createdAt": "2014-12-31T00:47:59.680Z",
        "details": "FYI",
        "entityId": "RBwbJjdRF2",
        "entityType": "聚会评论",
        "objectId": "z2q6VCk4tS",
        "type": "淫秽色情",
        "updatedAt": "2014-12-31T00:47:59.680Z"
    },
	{
        "createdAt": "2014-12-31T00:48:50.819Z",
        "details": "FYI",
        "entityId": "OD3EPk60Lt",
        "entityType": "说说",
        "objectId": "y2iDZad7Cv",
        "type": "不实信息",
        "updatedAt": "2014-12-31T00:48:50.819Z"
    },
	{
        "createdAt": "2014-12-31T00:50:14.195Z",
        "details": "FYI",
        "entityId": "2vrse60704",
        "entityType": "说说回复",
        "objectId": "9PRR5aC6fC",
        "type": "人身攻击",
        "updatedAt": "2014-12-31T00:50:14.195Z"
    },
	{
        "createdAt": "2015-01-04T10:00:39.295Z",
        "details": "咯啦咯啦咯了",
        "entityId": "GXcKt3SesL",
        "entityType": "说说回复",
        "objectId": "5puByBr4Bh",
        "type": "淫秽色情",
        "updatedAt": "2015-01-04T10:00:39.295Z"
    }
] }